data_set_id,0,1,2,3,4,5,6,7,8,9,10,11,12,13,14,15,16,17,18,19,20,21
0,-11610.5981315395,2094.2583349622,-478.5913255638,463.5257980302,1033.9277787938,1113.2044343549,73.8646541236,-515.2138921955,-290.4018960216,449.1538328534,56.8990229542,17.2235141314,118.7073122638,-2.1007568134,81.1950001515,-6.7833960966,26.8617246369,4.9372742857,-3.6110862104,-12.5752123609,129493,3
1,-7325.5837944071,-1999.0160567055,2151.5479894028,-304.8281803177,1124.2700219596,-265.4122447455,-177.7291411976,-514.0919037226,495.9895068421,205.5195933619,-115.8019008572,25.7990219606,15.9614191359,39.6081537046,51.3166273712,-9.5426336026,-27.8683170506,-23.81113414,-27.206968255,-0.7135421272,111507761,5
2,-12563.1510322912,4391.6863762558,-527.8226778725,804.2045768088,1233.7453673075,1182.6065506122,-151.5251871248,2.9192973865,-318.1825634737,161.5637648442,228.8804502595,142.6818939457,-39.6913108166,137.601567332,61.7908970968,-74.7546093142,6.2122161086,11.0431653378,-2.2693189434,-8.2312907346,13028492,5
3,-11656.826203492,5020.1468500428,-1202.8355361606,-1261.3807680624,1269.5599499795,787.1603192268,-785.5304665049,246.0561167467,-41.4281733352,-233.3449169809,378.8134452678,78.2147837391,91.1658028569,64.5031240522,74.7819345051,-92.5516967178,19.3482481063,12.4227517153,-8.9823470536,14.2163479928,294063,3
4,-11132.7888140002,5249.0809202437,1365.464103345,6609.2939007924,-2460.7717457243,3444.6053136289,922.9940334608,441.9134143709,201.9326639058,-74.8251364187,453.0989432935,-121.1723435722,106.2317078582,143.7875920979,53.1020266867,-90.9866944979,-7.8671995394,37.6830831073,1.7412118186,87.2965813174,2715515,5
5,-8894.0754613668,1721.5913417249,595.8210202652,-863.6279011926,1675.449187007,1160.0061017327,-108.1794809037,740.456882881,-51.7112223124,-361.7373329323,338.3009719176,-445.8616617858,-107.6572999635,-221.7469272071,-63.1102552193,2.2091926889,-26.6969789544,-20.0249985908,-20.9114679077,-4.1969038581,91328466,5
6,-13649.1783828919,-653.3884527724,-264.0062755785,-310.3826081552,2344.371330467,1944.1831740817,-583.9563522274,48.4098699296,390.396700566,-8.7792874521,158.3593356191,19.4598603007,89.6943567582,127.4163686714,-2.670825488,-44.9316950741,-15.0063472926,-3.954216124,9.5115193242,-11.4367356822,477165,4
7,5015.3764325029,1119.2441691924,-484.7440244296,-1129.1860353332,395.0340454078,1690.74261782,-87.7146430776,-64.4053374165,-29.825954651,318.0852451694,145.2976048613,104.4699038272,43.6314547369,81.7884520225,25.7094895367,48.6032794635,-30.8941375061,-41.6380706095,-6.7171656983,4.9206967445,624746,4
8,10486.568627832,2680.5532242808,-5928.3018406533,181.368020851,1678.0674525026,2535.1936535286,-682.8402091729,233.925506151,269.506022425,22.3431738511,345.4469402486,75.3367940933,-22.0680503146,7.0571717225,-36.8831061391,-13.1768763741,18.5453187163,-25.9401458853,-7.4295591273,5.8665919843,441772,4
9,-10127.6873457035,533.7858372767,3.748247961,-349.3393146911,828.2705375047,-480.5253997898,614.626820269,99.075522432,595.4389632257,91.2170863929,22.6778500882,-139.0875997351,41.6604297471,40.5892628465,-2.2042860649,29.4703169263,10.7004758181,-11.9790218611,6.8957231391,-16.8082826198,20599,2
10,693.2917242899,-3769.2388460154,2159.893814664,-1192.628449249,-55.8959501401,17.2060138821,194.0349095146,361.5365699692,-6.1256905295,-92.2495071211,-32.6562903907,-24.5855833558,26.0931299274,-13.3735664836,34.7965217407,-66.8432324427,10.4926440439,-12.8928976442,22.2916998787,2.53662484,4159775,5
11,-8142.25686313,-2255.0510113696,821.3889345325,-1074.382162407,1117.5753208798,1514.2753952608,-302.7097865565,-18.7626509632,501.8578073415,-92.0148960069,66.3283150255,-12.9507626365,90.5228571616,105.317097305,-26.2135044136,-2.1470050255,15.2589979585,9.5411102273,16.2617587326,-12.0733585232,6290874,5
12,10255.7828251118,-357.0384904124,-1118.334508071,-382.4357607627,-227.6992321868,-391.564890042,359.7199430076,-135.5651840767,-207.7662374917,122.7200754574,198.0092767403,-18.6271538665,43.9480301988,110.6245501346,36.8171395288,-41.0042687398,-49.0607551227,18.7654459833,-6.7989255238,9.2722470592,5560000,5
13,3268.8403409155,-647.1097993317,1311.3056418868,-820.0445297554,-151.9171789792,658.6713633349,-58.9632478587,-208.1740742618,335.8276862597,305.6637068942,-180.8209150781,-154.871354835,-78.1409335788,79.0539845783,104.0766439493,-18.5077299332,30.9414335204,-10.4969656812,2.0059550749,5.1827302295,932848,4
14,-503.3344830132,-2329.1715336607,490.2148187055,-1277.4470846131,-63.2296829738,1295.0744230115,323.9522749225,236.3329557403,226.1717392756,85.5006848304,-208.5460064233,-156.4575560181,-54.2392003883,142.9626255517,-28.0263771269,4.6707063192,-17.9511952947,9.8926877755,-31.7755025089,6.6502119264,3090783,5
15,-1535.6142486209,-2547.7669934233,1685.3152544812,-1161.8562570497,398.710883361,765.8399778261,219.1757315191,232.5316333602,14.2994470498,289.07648089,-77.5306400849,-190.4042089299,16.7414771689,35.7267837382,33.7808150607,54.3259106295,11.9537563122,-23.0908147197,8.7491328128,6.1171029345,6187211,5
16,1728.0947073535,-4947.9118950881,966.716695461,-612.4312492373,409.3223955294,-140.9139329675,69.113762501,-15.6191138489,127.7988296754,-57.0866131367,194.7035026837,-67.255940834,108.4662094676,16.1003843443,0.7581907725,8.6725305601,10.519283703,0.0496641973,-7.9272010036,10.0021258853,2221231,5
17,3082.9635937477,-1590.4518529381,-1649.6657529343,-885.6206010557,-244.5588467233,566.3252636905,428.9681913127,648.6400475445,135.5465845778,-145.0794501429,13.8205348947,-132.4725265105,-4.6892266716,57.9958361058,53.9012243727,59.4305464286,7.3351532115,-10.9205855812,11.9547889114,6.784056484,1339444,4
18,3453.3173993113,-9646.9401660156,788.0867351605,-1719.2115527054,-891.3895056275,1350.0050428854,-52.3461494662,-818.392724957,-85.6552389652,-133.6862795303,11.1088324721,45.1143780892,43.3851403558,84.2052354823,67.0613922225,-33.4989355181,36.8753299277,14.5958296523,-8.0606247755,10.560220116,2014549,5
19,5770.1106129921,-5139.6943768731,2164.1363043987,330.7421581914,1525.2833955471,-36.1023240179,120.7960982214,-245.4005478374,302.8362870321,-248.8574636505,108.4593678868,-117.4143383161,149.5764582172,25.1383991592,32.6814564736,14.4342883117,-10.1899717486,3.2169806941,-30.9390467225,-2.2634321531,9268187,5
20,175.4041228976,1154.0794182132,117.9842257267,-217.5623044798,571.7301754276,256.5648974088,433.2718949608,-329.3419132815,-31.3268219225,172.8511911451,42.7747949339,-243.1592419417,163.1005709611,-67.3244836115,2.3489402073,93.503895217,24.0777524413,8.921309956,7.6711805036,-8.9803886232,1233822513,5
21,3817.6457629222,-1156.8749459984,-3406.6654857676,547.2860762645,1295.9312170087,282.5545305164,631.6606961024,481.6576297258,-477.4997166269,-355.7812475528,-324.2025952137,173.7171284417,-3.9853965183,-42.7025477585,4.5444491035,-188.1147424858,-107.0760774707,-19.8716996988,-19.756151617,8.8144412464,15926,1
22,-7070.9272993206,1590.9052459343,43.3123562241,-99.5752387918,1023.6387433774,-327.6555686043,560.5860340651,237.1416276276,198.1316868152,99.5474527878,-43.570417898,-12.7825315262,-4.8089944028,-9.3836484101,-87.1798502302,33.9785401578,6.3910932258,13.919772763,-36.6424718113,-5.5315399283,19462,1
23,-2689.1036729302,-2376.7550264053,-3622.0392231919,-1040.9285125065,-336.7953669705,1009.7404828101,555.2669733403,-392.199148413,-66.4595919572,-321.7301440352,-235.0758024196,-14.7469504701,-86.5595309785,-59.1411411306,8.5212523214,-57.4432290363,20.9734601071,-6.6379520834,14.4702503348,-6.5375453511,39627,2
24,1128.7817087436,714.1184716095,-2324.1856057897,-392.4891495115,68.377003394,-86.0170561621,361.9294154184,-910.9679899554,-207.0063058673,-147.5256499593,-46.9796628133,76.2950751876,41.5524247666,239.2774757592,-61.5586974783,47.200872276,1.6320394172,10.9910390689,33.1482277639,-4.3226139303,96507,3
25,-3542.4477393904,-2029.1120639016,-135.8273089262,-390.1604860993,941.7761234574,370.3854788354,627.1467322606,303.5827278805,-366.75699189,-91.9595009805,-337.2026829782,-101.5051808444,-44.4084609015,57.6080023618,49.9099610712,-26.7002199866,-12.3845516472,-16.2874977074,-19.8760312067,6.8824875917,87030,3
26,59.7908944939,-7083.585652156,-2781.7857546528,-473.8226852835,-714.457613735,-721.4401525325,580.2230869044,-447.3808122268,-536.1126175228,-490.4345469923,81.2273276396,110.7624724931,-44.9720791684,19.0249282024,-24.7416870908,-20.1798123638,7.4150123415,-29.4090039849,51.4261660356,1.6705659574,14169,1
27,957.1700965193,-2806.3331255918,-3048.044258474,-556.8202718348,-103.9357929307,308.8118685154,513.2804230659,-181.6396132497,-552.9170441949,-320.7218420153,-174.0662661886,52.996415805,-110.5538979969,-29.8850774296,7.8349352631,-16.7336215435,18.0145238694,-30.6633212593,0.001640095,8.8270850822,14838,1
28,-793.9243824882,2700.4377019958,-3299.428501722,-219.6227160907,242.5038089377,-66.6111514656,170.2306869706,-390.9654956866,-10.450775827,190.7960777801,11.7593799215,55.4208685263,62.1992915019,-72.2398229178,31.0055244684,-26.1015260893,25.0812845021,0.2613340636,-36.670935088,6.7147182481,17840,1
29,-3068.9504214161,-61.7122016246,-2070.6938637643,-823.340173399,-519.3220736973,-301.7695443615,543.9030640545,-811.1931752657,20.96771365,244.9301445462,127.5179176918,-63.5990715103,107.4941929204,37.7880299822,-96.7594063553,24.7277942526,73.9252147375,-34.6550344641,-2.7006299774,2.4940239968,26097,2
30,-1157.6797088821,3899.249038865,-4080.6823500057,100.8642251433,393.7438739453,278.2620829145,369.3877887138,-381.301320232,115.4812126285,121.9592029803,22.7580713726,142.3894343956,116.9793211243,-100.3243409303,-0.109377671,54.0446980494,1.1001933773,20.3459059693,13.7666615951,-17.4397410736,47298,2
31,-11751.5386412514,-743.0800278771,-648.8530354857,-660.3665904633,776.1453963021,-82.6232767751,-162.519594918,-380.5003528153,319.9753836639,-273.6511644878,-17.191049703,-135.6529152097,-92.2567732775,-197.3123100551,-109.5267960434,-12.680568891,16.1043938799,17.4227482999,43.3913365827,6.1408565124,36728,2
32,-2406.1405494634,-1938.5445316354,-1758.1034373934,-626.7407353115,-852.2883215527,345.6189445287,301.2669103184,-386.8505013597,-360.1234215761,-354.9399702652,-210.8153717255,30.9186382126,-58.0116350953,-3.4820277444,38.2463960052,76.1767720328,29.5927892757,-15.463110047,-24.3825532418,14.721727826,22418,2
33,-5442.6906148177,-3666.2400951612,1991.8732466869,-812.4882553443,1067.9161274606,1544.142070737,838.1973261266,-527.6941153965,-75.8053333555,180.7595187311,-484.0423119055,-53.0792585458,-45.0359758725,-48.2298742721,-38.5861690068,36.1660227826,19.8119070977,53.9196486768,-26.276102772,-15.5785533661,4975,1
34,-916.161179124,-2391.7092831518,-1651.781619896,-970.529472179,-110.8820874682,661.0736800764,833.7215193623,-108.1809915119,-103.8962162121,-360.0216864343,-100.3590148171,249.8032757746,17.1147417543,48.246958146,-100.6460964799,144.0260963288,14.6925929995,-28.8531850949,59.6476627058,-18.4415301358,37812,2
35,-3325.3713902342,1789.7054649491,-2794.9986002098,248.9634756727,1297.5103041618,854.5580681514,800.468590739,-411.979956807,-370.461277003,-48.233388956,-283.0640327675,59.4076174009,161.966841711,-133.3039810154,27.0190647669,24.8131976503,12.8547305122,-5.9729244272,-14.0393620351,2.3230806879,51226,2
36,-6465.2961835862,7083.0028451022,-1140.7609165455,-499.5849410901,412.654523655,-299.7145761631,948.912187375,-501.5252154679,77.4089387181,-105.5017586569,-18.9902220525,109.4259411444,-79.4658327354,127.3650733345,10.9600689659,24.2760273218,33.4487174703,-10.2651780744,-13.0600155744,-6.0513984719,15257,1
37,-4413.134689279,791.5636784452,-1779.4414176762,-497.2846252296,485.7728373005,150.580022508,529.2581964355,-131.8145421016,-49.9263558476,-90.2008366216,-250.5972113379,57.3108229853,-29.7265629594,16.9472070851,-28.7460497825,-34.1603660451,-7.7600419784,9.0259338453,-30.7471747258,-1.4205736907,45759,2
38,-3739.610004471,-4540.3354870434,1993.9823371324,-1875.118256095,-482.9308206558,300.0340578896,542.5279611246,-172.2141607803,-222.8244766409,169.6591584554,-280.8936629292,130.0729653426,47.8548241155,-65.8160731552,-19.582615789,-37.7992017504,-44.1970910424,-6.259604642,-31.917962428,6.3726619157,28116,2
39,-95.4832659507,-1070.8516200267,-3997.0205482277,-1292.686559403,-754.6154468932,998.2060560865,110.0451432973,-411.8740714222,115.4540569212,-307.5755357407,-34.0771935625,23.3588342761,25.47613282,35.5266384025,-80.4254286657,48.1778709651,33.944820252,-45.3348766755,-2.0758076332,6.4871752949,16162,1
40,-692.1076640773,1228.266485408,-2316.7485885729,-926.0506251285,-324.2842068319,-182.7116626331,450.1978117457,-62.9150116577,40.896341294,-90.3451609212,-111.5540887937,-69.9872360402,-41.4461785766,66.3011480494,-45.0640425607,17.0110797787,45.5418484281,-9.5197512995,-22.7432817654,10.4407148,25467,2
41,-4208.5700086563,3627.7688040047,-2710.5726880288,-405.6535755475,-239.3511713545,-281.6382773977,324.7857190317,-97.6105838611,82.7599555062,-54.4653310733,-5.6250114949,83.395522214,49.3450973641,17.9661242454,-48.1709606914,50.3578876606,18.7378113654,-14.427454787,-16.6375639998,8.6063758954,153856,3
42,-4532.6073348707,4245.4216786631,894.6892599747,-75.3461245762,1053.5238943555,-656.0286928758,128.2853225474,-164.0765087458,379.4801848214,96.5773990506,172.2726697473,30.0932206933,-98.2447286017,95.7169454594,-27.0188756476,32.5808903999,-40.2377427382,-13.1979616282,-16.7250622659,3.3087022225,3674101,5
43,-6627.2253581595,462.9996014186,-2064.7790676474,-909.2953654036,-843.7133920343,-0.2530512919,761.5941112138,-212.3619201796,-143.1839167266,173.2447444654,-120.1957690784,-1.6883703264,-122.2977981718,-15.8076624409,-10.7840665988,-1.7175987768,-34.1030302937,49.7402426259,14.6560549699,-13.2232130756,101218,3
44,-7936.6507263422,8115.6762267857,-2092.8530761206,150.1238829233,479.5828021098,-624.204626541,789.9679784108,-388.8425412874,63.1220948103,544.0065087718,386.8347383756,34.7419448695,-74.1482937433,-56.3975978097,-2.3892367777,-21.3479318273,21.6260356886,-24.6888040161,24.0642110009,-1.3193354659,2447353,5
45,-2912.0911694406,4810.7347247105,-1065.255333104,-937.3883673535,-430.417892768,-477.883842191,407.1595594386,-305.0389214624,342.4864936037,-141.3208857873,-127.8646677149,56.6466600013,76.6964741154,46.3847001514,17.736713468,4.4848370888,-5.8474296555,-7.5460647681,-14.5924111098,-3.6072536134,203601,3
46,-2727.3807152061,7383.8665228451,-1781.395129462,-474.3997417878,508.518295843,-159.0636265577,397.1746230389,-340.3986060783,-330.0030516136,184.6905627173,154.7818888914,10.3967297248,-161.9400047694,76.5742377758,-23.7038445138,-33.0050608118,22.2381169597,-16.8433156384,22.5682078756,4.5221341962,158726,3
47,6012.5502801159,1449.1218851211,4126.5200145256,3649.9039840719,6278.0139040629,328.6377859356,339.5548163189,1129.9482779937,213.9234147285,297.9995932584,-498.2610975618,290.5840100985,158.0374337271,85.7320605341,-56.4186113124,-112.5343277771,213.7227282568,-16.7033247924,13.7254796512,-15.5638871274,248952564,5
48,-10018.3692177667,7189.1417729734,-716.7973589367,-885.037174178,462.9558212238,257.3337590336,295.7748688336,-243.4544321147,-172.3871741462,-95.7959330353,285.2895961037,94.8861650795,-108.105843906,61.2752028823,16.0087521684,-108.0032418839,2.1635141511,12.8468600401,18.4865639959,1.1849616539,119035,3
49,-6626.0202776686,4760.6934748518,-1258.2088293361,-864.5252875306,-236.4467837189,-840.1410329078,760.4652734892,-250.7104728617,-203.7833150953,-261.7723391807,-19.9596869237,-64.4278886124,0.3342171607,11.3625515087,-1.3986222618,28.9727382892,38.4745825294,-8.0770667267,-2.8052437684,16.9571264058,113788,3
50,-12819.0366208762,3455.8262341811,-1039.2459348084,-279.9092054525,1274.5115614245,437.6582224568,108.0587921665,-474.8131644695,-511.8420322298,27.8361202066,-46.1396745148,145.4923859962,-150.3761062918,45.6326195517,-12.7922478209,22.2368139777,65.2063991013,-11.6370401742,-2.376201921,32.3110510427,141075,3
51,-4918.7970113913,3122.9928884876,-1857.9648315976,345.2421601784,731.205670158,-180.1127440466,694.7842186718,27.5107624205,-271.1133689108,151.9741647571,-137.2283720015,-149.2670848853,-141.4924814591,-71.1035121496,8.2707239854,-0.5279774062,50.7174082827,44.927425915,-7.7374048571,-2.9354349606,131954,3
52,2103.1649825784,-370.8774741664,2860.3234107026,827.7122055852,-1348.4620691067,-601.4475563571,-162.3580682935,-222.8546033759,215.4089411417,-160.808383362,-92.5969076837,-81.5728764801,76.9789837761,9.8983004855,21.7652523937,-41.135772999,29.0136286718,2.9250698923,-1.5567312465,-13.5254313851,310863,4
53,2031.4206330871,-505.3229989124,-447.5974397995,532.6110331609,-628.7956480917,805.9797700173,-264.9054968408,-203.3909672394,-89.0838972997,-42.4320439231,-226.6206207226,-45.2849816437,15.0551183089,-63.8500550558,0.6739772499,-0.338552279,7.0373793162,6.8358005769,-9.0972794544,-23.3237918506,124440,3
54,3346.188885723,665.6440488592,659.8172891968,-516.1552348901,-560.4588506825,721.0034079022,-100.9880336854,405.6928496179,186.0438891232,-186.7766089403,-5.6494228116,236.3331362898,161.9150815213,58.8919638208,-98.1751562407,57.0614818489,-26.7777980928,-14.4919931676,-19.0907437875,-17.6596908316,194291,3
55,5456.3642889476,438.5247315313,3719.1308550975,538.0607412679,458.8370249206,27.2770827792,-94.5780858931,-174.2859491052,94.4980949835,-106.860975947,-55.5561055105,-345.3764619442,66.0806840188,-57.3565212326,-9.9577539217,-41.8200713195,14.9081279662,-8.0757682088,-4.6113790743,-10.2450241615,1347975,4
56,2685.8973979546,-2378.8876561684,4201.4377266946,-865.3653943868,-785.7819083497,-108.722052503,-296.1330359296,23.9043928762,-70.3311005536,-40.2117782485,-9.4516925994,-325.3259715199,62.5129964923,112.1332909676,-32.1086189026,-7.6474828029,52.9557961185,-23.1287265877,9.1444445854,3.8454693255,390331,4
57,3116.5348578526,2689.014426993,3067.3649446261,-1361.0495942316,-509.0921726152,-345.6843516382,32.8021396535,417.4689692741,136.3267404547,-108.7956326392,-172.18246724,162.7552732672,152.3748071225,11.2354029214,34.4708168748,-0.8282160643,41.5389311266,2.8376806249,15.8607772537,-0.421825673,770508,4
58,4478.8822151924,-968.9584157451,826.932909531,654.9677985887,-1030.8208552956,-485.5136314986,91.7764291399,119.7560694845,-195.6728040208,168.4331027205,-38.2413759688,-99.9778120175,-34.1236050733,107.4815636843,5.154716718,-76.5070665339,-63.9541314112,-0.9076381227,-5.5295857898,-29.0615049955,376416,4
59,4591.2083935354,-2172.1850212671,2031.5747908771,495.8892094981,-527.9528018634,-1504.1301742837,-229.4488177379,74.4600317438,-157.939487684,-204.0718637314,96.275605915,-230.6545987304,78.7323782524,73.0453762328,-29.0497289382,9.0585151847,-32.6920705191,-12.4869305227,11.9786797652,1.3132321095,120090,3
60,8124.9116275156,-241.5115038618,-2421.8894866355,2055.1945942344,2126.6257995982,-625.5420630392,-395.6334137884,-1113.2230913534,-0.5870251541,220.0269519783,318.7122591437,-47.6619270747,-78.8189345146,43.9762223119,-53.2816217409,8.976338897,1.842266574,-36.1259600563,16.2021949818,9.2837513298,130487,3
61,10060.8575134394,-1462.6231356971,-1154.0729895125,-134.6478097743,442.6614271224,108.4461854582,-13.1973902675,9.8685777962,144.5256565863,-33.7193909374,155.5278911058,-179.2612043193,17.9475268686,62.4354342491,1.229651319,14.0420533254,20.4021308132,-6.9142507743,23.8382226145,6.6559259838,288551,3
62,4529.3244680409,-590.2894076743,-3695.9545228198,-351.558837408,-46.7830577256,230.6824508723,127.2705034419,-302.0280841876,42.2121769341,-198.3473334898,110.8774886664,103.9656418046,30.0118218436,139.1543615172,-93.2699631045,-36.2048491354,-35.7184085251,13.2024019695,9.6219886326,-3.6968899804,190435,3
63,7490.1850969883,-4411.0410651941,410.4747614472,-1804.1295983179,-602.718667491,1420.1458141907,88.9992279362,-449.1179108136,279.536702294,-185.5890733942,-42.4163787396,-88.3414633347,40.6317183825,56.4293893736,39.9247440862,-47.9777432455,-35.7989097008,4.7362260542,-31.3580568524,0.8261835786,292633,3
64,1798.3854067831,-786.3008924523,-1076.8331830939,373.1907608661,1234.9549404703,-193.1814558662,358.3128716169,346.7482026579,-55.962798697,301.5780734872,124.7323318885,-99.8625984847,1.9266318491,113.5783012212,18.2399050986,-34.1284585314,-13.7473192888,4.9725424729,-1.8307371383,2.2396423847,381448,4
65,4774.2939117001,-2086.2391165719,514.3895437951,-1019.3592217592,385.4523366733,1091.725620018,560.7329015631,-254.4109664723,-238.3011484868,-65.2877776958,-174.1055823015,10.5803482604,-11.6048114773,36.8903460156,-24.7107130443,-51.510682748,-19.1105111932,-11.2270731648,13.8506177882,-0.5066390113,532561,4
66,8723.5129330761,1229.3350365418,-635.4294550594,-603.807138343,-582.8382785329,-475.6943294997,441.7334563298,452.6223463813,0.8781603194,-8.5122156303,-123.4107351793,28.7551844326,92.6124089797,14.4964730011,-11.5183983157,27.2721984647,-33.1201513485,-18.2938441478,16.9143965745,8.4257655047,180615,3
67,-962.6346447919,-7172.1663889987,1072.5808214271,-385.417335967,601.5379904341,528.3568055597,341.62771831,-1186.3009265239,-264.3115182674,-409.4435320896,167.1920104693,-265.5016701347,-15.7006570457,-22.8149960762,-80.3347204448,-76.3133533116,34.3887719995,-7.73628037,-33.1591324648,3.4664536067,167876,3
68,821.1837174043,-5382.879728656,-363.0553896063,-655.1329213205,114.5983927889,1512.1545910895,-56.1434102557,-778.4000433323,-58.3433851336,-197.8286797351,201.0895879283,-88.4935291171,-19.3718504476,30.0185118997,148.9770995002,6.1292561177,34.7662893048,54.6445835509,7.2621754752,-3.1130196089,195758,3
69,3547.1828991453,2024.0187299427,1358.8547812182,149.2072620025,607.1190953941,-846.4127321728,64.4014988842,-380.797592988,364.5988678698,-5.7436950903,118.266047621,51.8799193528,-19.9275325029,33.4808010841,-3.4350814249,9.5979678175,-11.8622296285,31.6960800191,-4.9320529669,-5.5248307191,246541,3
70,-353.6507216383,-549.34064342,3696.3930640343,265.9608687551,2217.612575554,-364.8981794893,-0.1174112092,-479.2834495749,-0.6112889731,-114.2251504351,75.7075419149,-255.7999425114,123.6919437318,96.3798040871,-37.7021556094,-23.486938858,-11.8539642348,-11.1944848995,13.3994165229,16.0076144878,187795,3
71,9527.9824650267,-3252.0747058251,3334.2377683919,884.1365750576,1655.6162135032,-812.5169803224,26.9890308354,-808.5748171443,-347.0270655443,-52.3979679192,122.9607786754,-43.1711569995,74.0623586291,-62.1202620262,-42.8082194419,-41.0473896113,-11.9779529284,5.7927236235,-10.6920654647,15.820407273,451869,4
72,-10703.6563949851,1822.3069972009,-917.1487598737,1538.8601871491,-1307.8963126505,-261.7818553249,21.8300022665,304.736145477,-280.3798368943,119.2146633262,79.3165619233,54.9311717303,84.8546929568,-64.1105009407,58.1690188773,17.1077316618,39.8163508344,-4.3227013308,-2.8949518085,-30.457155476,1742121744,5
73,-7902.2596408315,-148.997613466,-1443.1773739064,-416.3145955345,-205.7755239741,-1103.2319217445,175.2647087396,-42.5029633456,63.2797959078,-181.6498176848,-66.809567532,-187.752692968,45.9911799694,-108.2467727041,37.695765219,-55.7635644422,-44.9261219619,12.3188257977,9.5134022477,3.9941993836,258736583,5
74,-9925.4468305048,-2418.8384715172,-857.5655935411,-835.6793223619,371.351108601,-436.194152011,330.8254207173,278.1627131387,-3.7700356179,511.3087715485,40.6201233614,-162.7725537202,75.0390320786,-88.9924745798,52.6205225088,-6.0569962026,-25.7849446927,-12.1015293831,2.1706973042,4.8347617249,644803,4
75,-11830.6093824505,-170.7364953834,612.553936472,1882.7980597568,-714.2117134353,1389.3780230619,-433.58672937,385.8560910012,336.1501322283,137.7011581301,-121.5919084731,20.1226596626,-40.8981109309,32.0337286931,59.2322340287,54.4366218034,-2.5779885325,-2.3913961857,-12.3342252578,-32.982306871,146416439,5
76,5511.0448909606,4747.2685100473,3535.092636453,-974.0172909733,559.1895688311,-656.7685129822,-349.3618628411,1022.3737477033,-328.4958581645,-48.6458073275,37.8217108,-33.7352416543,16.7821718786,-14.9029336435,41.4320732719,36.5487579529,-52.2733960197,10.714280766,-9.6191277561,20.6110714066,5281427,5
77,773.635534512,-7036.0362423772,2054.6651427552,702.8471545958,-1305.2184968296,-567.5846659401,155.9086827494,-355.0683607749,-826.7368293231,191.8124649169,73.1942232913,-19.8796489567,-71.3633247296,107.6532173708,36.415783023,-13.2992314047,82.9487220355,-1.8584624989,-20.5371487746,2.2177040443,44404,2
78,2305.1181978306,-4794.5990730856,1070.8974932486,998.8242064988,-736.8482747169,-397.1079955725,83.6335240479,142.8714851862,-269.1015474793,-195.8067503758,204.2186920124,-143.0239703179,-60.6102675968,84.9623347212,59.2827680572,-4.4671393997,36.8737495463,19.8131588266,7.2691435109,-22.7023835308,38737,2
79,2463.1173239754,2608.9224853903,737.8523605942,302.7064651321,-1125.388452285,-472.4918228053,-424.7994555713,-590.4947863719,-185.9496592721,400.4483059228,172.9328551945,21.0620739489,-120.2347750271,118.7764775121,1.1285562383,-30.2412178392,31.4880174408,15.168242058,-5.3679502454,-12.7650733718,31013,2
80,8445.0535765908,2559.1553556705,-3142.829450557,1119.4937146871,-561.2536294991,1238.2366167837,-715.5443794216,351.6226404162,-223.5553790444,112.4127244205,164.878351272,-110.8339766315,-1.72286462,-88.3134077531,-47.3476267518,58.2569569912,22.456825147,31.3471456853,-8.4016717151,-16.8458998423,44488,2
81,3416.793684889,-554.5678489795,279.871065222,580.7620318129,-872.4560403505,-128.4683444766,23.6540192967,377.0365294396,-40.5844103756,418.8724771129,43.1162341572,-152.1352045708,-60.875407806,156.1557528524,23.0867139758,21.9346284356,13.1782944208,20.2151210902,-19.0165682621,-22.3571908854,80224,3
82,-274.4975863061,-1125.4706858998,249.3253719637,1353.817933552,-768.3338460236,-1225.838583389,499.6995195627,244.8927648968,-370.0244307112,-249.2179399001,-169.0425304136,-178.6763411816,131.007573397,-23.0955684134,87.9709319586,43.6638671036,-16.0873678567,-15.6827995341,2.2388593417,-10.8381874728,52743,2
83,7238.8481572502,-2352.2568061376,751.5666477302,1457.3807708851,-405.2001854399,-129.40476449,308.2002853213,678.3187644471,-492.390481742,133.5137647152,63.0765464054,-68.2132748171,-134.2165934041,69.4691022719,-45.9898843059,-29.0349844763,-6.9047145703,42.8733023737,-21.0529826992,-20.3047525031,41652,2
84,8238.2389060176,1892.2809253807,-2529.2561947547,1048.1035724558,-769.5537655074,506.0889564453,-326.315471784,177.7853271915,-9.2322621629,-75.0264078209,8.233851074,105.4951585473,-109.8312363659,15.2822527735,-71.5123214337,51.3767030608,14.2286514501,49.2029703025,-14.6274388168,-30.3677135554,46175,2
85,12045.1436789814,4329.6794253123,-297.5867407215,445.8893843247,-762.476142973,290.2052861216,-10.1321748382,356.6798594612,-446.6024358914,-76.8850825762,-47.1344073015,-94.8207092557,52.4720936722,-35.0486911998,-11.5878407848,69.8242316976,-24.267019018,-24.4377846414,2.9477077266,-12.97974344,38818,2
86,8230.0343610595,2227.9756494804,-639.8475163565,836.1963304712,-764.1427719814,190.7490143736,48.7233590001,19.0569700396,130.531843328,244.6480826343,-95.1980781365,38.3057674834,-133.4603308913,128.0315495661,63.4592848173,2.6538364435,-27.6596378847,-16.3888102503,-8.271802724,-17.0548891538,42746,2
87,8596.3139612001,2793.2727075933,720.0289199011,2170.1694013155,1299.2252200265,481.0915268217,145.7948612063,-119.4403359371,-602.3894803434,-69.6303124165,-53.2690626189,67.1310425366,-100.8978731911,-28.4362949674,-63.2569415388,-29.4862954282,-60.8703857362,21.0393624454,-12.9364307592,-35.1537727841,43053,2
88,9158.4728752962,-3121.4384659561,1970.8059229379,862.6693714088,-519.6692096952,-496.4469101824,-43.5484938763,-56.6683824295,-451.2097892533,-182.8049769428,-270.2007852056,-162.0064383915,115.7327767488,-69.9384108176,27.599926447,-123.000214925,-14.1197296843,-14.6392344093,-22.8509443001,-14.3301682095,30961,2
89,3029.3485028457,-7220.8850232699,763.7046846126,96.1950087054,-1284.3017701792,345.3462500808,-176.1325542783,335.5456733246,-517.2464082439,494.5306257688,-43.6580287767,161.2788626426,46.9558349026,-125.2302569238,26.8817056094,-85.9650983631,-51.7802589337,-3.9918366984,-53.5323379523,1.4168523859,46624,2
90,1363.447680784,-696.4312608063,1336.2370090715,-1163.0319728876,-402.6228530148,-661.2515640417,435.6628469693,219.5111225351,-260.9482493306,100.6697299559,-48.3103224252,109.2430249027,83.5870621431,-11.4583368836,-28.4514669053,-7.5849709072,7.9839270909,-25.3788319038,12.9929111341,18.2575214123,1276188,4
91,-5654.1076318891,-5267.7209148336,2953.2843063559,-301.8454542444,800.6239272731,-578.4747290224,378.6432479916,123.5380827411,617.2608282161,51.3670343705,165.4814193997,38.9486158462,51.1654952155,101.8227535168,8.8812819831,42.0124334103,-85.2082738844,9.7711152727,-8.9050294277,-15.9920263914,105326833,5
92,6158.9419652165,-3598.5636926871,-522.1656419676,-561.5845452826,-759.0875938194,662.3377101622,384.6529294587,406.1951360003,211.7752292859,-74.9818991429,-53.7962566867,-18.7574544393,78.2982242458,9.1990050522,10.844390191,24.3127057006,-40.8457461015,3.0257556894,27.4831729907,-10.3221015093,72318207,5
93,14241.7122664444,-3121.9726802764,898.1269128352,-398.718914286,-294.3637427887,-131.032629097,389.235737765,-10.2179417699,81.1621474515,-292.9161689048,302.7297388232,267.8209761369,30.4130529002,-48.4229712451,-66.8545753101,-0.8506668023,91.6817388852,127.6180720352,2.3609427017,-15.1176855607,3399151,5
94,6657.6617111155,-1948.019501438,3617.4081969364,-2167.7666635041,-1229.544965559,-148.4781352638,751.3988601193,667.8354935417,425.6474553836,73.5589235944,59.5088112644,-45.9500444541,17.3490236483,27.1325389316,-69.1270528025,-40.0810407466,7.9035950156,-5.9401086662,57.1185416572,-18.57885916,164078,3
95,8791.6747982611,-774.2115704213,1066.9739552961,396.592670196,471.5102396835,-1614.2208892393,451.4862910746,76.3433379438,181.5246997547,-117.1749803727,77.9647849995,-75.5593621966,33.5882347712,43.8407247684,51.8903027812,-17.9822034853,-31.4731086506,-6.6201945953,3.7830232498,-0.4984684407,172238194,5
96,-4024.6346720013,-1164.8615401422,1026.1095257743,-2308.1600381054,-340.2008035708,1815.0139239224,-247.8779631288,-196.4711966751,547.3684842802,-32.5135600289,249.1225998159,-7.7654225712,80.2374984006,184.6566351849,-10.8773510707,63.9747213282,-46.9403570852,-40.0795349716,-7.8529964443,0.4115088423,493996,4
97,-902.7664913212,894.1044776606,-112.034340594,120.7376680072,-857.6735705804,-506.0864926475,-76.2800521802,-227.018735913,-148.5627233728,-63.4573114507,6.9740474271,-56.7327512964,46.4422476746,98.1110097879,-14.7777592013,-39.9335407046,-2.3559649547,-7.1514185435,6.8213565662,-16.3955400106,84903,3
98,5125.8241771174,-112.8040857574,-2174.7448446189,-897.8354165228,-1238.5165813592,-1146.19539959,250.9575703141,325.9391213614,369.6342962615,-132.8162652097,6.4801595179,56.4718644797,38.4113525,14.0816610447,-15.9862136231,-20.736720942,-8.0864259743,-15.2206381512,14.1035131085,-3.202570897,1708596,4
99,13210.6462224111,2967.520948922,-4741.9652879419,1621.965127262,509.4929330984,-755.0247905261,-18.9752056976,-614.8227392179,-290.7612550443,-209.6099055299,23.8554959614,72.500412429,196.5375584314,164.4349319334,-24.7524161798,62.1109936288,-40.5580322162,21.9625658298,-2.3708998295,1.2519906584,3184979,5
100,5317.0281498261,-1060.7344959739,-3733.5220255115,-212.4968509501,-69.7129296966,726.5391331436,-194.4786267993,36.154729419,118.8474193182,-108.4734030931,-73.0792590935,-84.4977782184,51.1467129397,3.6092923461,7.3120412586,18.4326848423,-9.7955581506,4.660685287,1.2630786338,8.0717780468,2601888,5
101,1918.2043155891,-2896.0707276655,-1983.4919409114,-607.4198027585,-552.7813826354,-640.4655461662,-1.357474754,-347.6858169917,-99.3087850412,-103.7717264609,-19.9990443262,-40.8779170109,-129.3468299964,172.5371772538,-61.1698108771,-21.7114829764,-33.0463844994,-5.1051697413,20.5649950477,-3.6523545489,565416,4
102,-9486.4764477096,1279.7095791074,-462.8099376272,1018.3547964664,337.5554405795,1047.3549506626,-637.1951015888,-101.5603751011,-90.429896343,-299.7446327693,-53.136934063,12.9640480662,19.6352751585,-53.0267656377,-55.2323962761,-5.9673669873,9.3052263094,-43.8060068747,-17.6533804719,-14.3062691728,12699,1
103,3500.0404087561,-3558.8395559437,-3369.0003638895,-936.9727012347,-1229.8427810804,-600.8742973344,562.3470388283,118.2425321623,-424.4628822218,735.578361935,200.079522446,12.4078275259,259.4395403509,-159.441006347,-94.6149822993,-90.4407326262,-30.0208006668,-23.7055254403,37.9875313353,2.7947796818,2601888,5
104,-4673.43679117,-8217.6324513271,-623.2850405316,-1282.8274025984,-433.6964666744,860.7030715287,440.7604429963,-778.4638610962,-222.708212872,51.0052446928,95.9953579087,113.0791912523,248.0746702987,-137.3651768113,-35.4118560077,-41.5963001844,-15.045006348,37.6578845497,-4.4807252992,3.5982697579,2055170,5
105,1257.0683512951,4155.0602617884,158.6639730013,2542.3285095743,1381.7650922551,-378.0973028507,-494.641628603,1077.2724592442,-863.2665937037,-249.189992875,-78.7917116724,31.6048458327,88.8505631994,125.0691655864,-38.7870965318,46.5378944962,29.221400272,-32.0322912544,9.0912888762,13.0012468523,11149,1
106,-5319.7331272221,-1596.9876266794,812.2545949252,-970.5768688511,-984.1390424965,442.9855352905,52.0801071977,-29.2118263984,-21.8174936423,168.3647503332,-204.17941915,-46.1997165192,-83.3853485445,50.2317080543,38.5615254179,39.8122247571,-0.8767595255,18.8310164577,-8.2554837765,-1.1679296478,261905727,5
107,9236.8319835257,3824.2025713433,2589.5675110343,346.430098464,1367.0449355616,-28.6748520798,771.4353937485,-507.7492219253,-202.5599812791,30.4417944736,-36.2862577938,22.6272352277,-65.8621080181,-134.2215229643,-8.1679643223,20.3348072632,-20.731617711,42.6392735607,-17.8753333862,-9.4458609083,1005,1
108,21006.296117748,938.7944543062,-4989.4289174992,1488.6112108483,1115.1180368261,-114.7217259486,203.6150744451,940.3010933726,148.1040971243,-116.5077133376,32.7826496198,-128.6617038573,45.0006565911,29.2292556014,-32.4635017654,18.4316813017,-94.4216600009,0.3700081139,-1.3070283903,13.0679573812,1551,1
109,8215.5287124772,-4746.0973463466,-1739.7716371258,1158.7657972591,1430.6883367648,-568.4772471127,170.1829763739,-34.8181380954,-188.3245125106,34.2522681678,155.1425265182,-113.9765049196,-275.4712811913,18.6985881956,-17.5128795733,33.8959654635,-40.0012250194,2.0487157774,-8.7630099369,13.4165396212,1239,1
110,10913.3105199106,1562.9245576904,-1507.3401179781,-1175.1871038374,-559.3910137325,830.9196240762,21.7604525328,90.6043556833,34.755657209,-95.179167663,-15.0919051651,7.6928820372,-70.1722768993,14.1122574619,-19.4464366645,27.6400560364,40.1434404037,3.6351321767,-1.1662149371,5.96333169,1057,1
111,5807.6920539638,-1592.3604394482,2046.6882656474,-1022.2533973684,-687.1724924081,-937.0848444937,340.8536929654,134.2781750369,69.7131750957,-53.4119383336,80.4344141897,12.398469221,-33.5899663411,33.8880362261,34.4127672851,32.3087991204,-4.827486177,34.6001511511,13.780528384,4.6685218037,802,1
112,16724.628810923,2198.0885786047,-1754.5161090756,66.0891105934,-40.8499603892,-364.0262005399,109.4082451292,170.7519007532,-169.263048058,-62.5507148302,112.2793588799,56.1583146652,-78.197731334,141.3353313833,-9.0771163247,-53.8235020386,25.4614176652,2.049920888,-22.1390767358,20.2104517762,1001,1
113,11127.1630062544,-64.9123626555,-2742.7505531945,85.835544554,-23.4958039443,-356.5922296913,218.9372872696,30.003750279,148.2792766643,-84.9939290117,-51.608799985,99.9331189326,-33.9096546615,78.3467750438,52.0430373438,10.873441811,-11.8970846653,79.7991029665,-3.1778565731,-15.371132693,1349,1
114,12567.4674515008,-1715.7223253935,-1593.6782080703,444.4597417002,250.4462747461,-792.6103292796,-199.5370017798,-508.3878091211,205.9572490181,66.5117708065,-69.2856013576,85.5740042921,-65.9595398268,116.9736681482,67.5898761911,-36.475069836,90.0835550657,-11.704834557,21.2324681021,16.6661550276,1112,1
115,4288.5862725255,-2336.751521425,5510.0799326372,-515.8238732591,730.2067445512,-550.1838247695,492.2960198856,-646.9996535694,276.994742245,41.1636611655,242.9909626947,224.269717722,-17.5903289696,84.9054002057,-49.9826547737,65.3610599203,-75.9858631798,24.7720912967,-24.1048025235,-8.7023571399,9739,1
116,17545.5151197476,6861.0188119239,509.2346323256,-724.1535541662,-424.8731232786,-585.321613576,119.2742214003,-100.8442155792,141.456147837,-87.1919827303,-126.5155778285,64.3286706496,32.3247724151,-3.7891590386,105.0634658498,8.4217489221,19.3712734937,13.3952941541,7.3503555044,6.3746535944,1099,1
117,-7711.4195716464,591.8809010222,2771.009547125,-333.8692135587,54.1095215641,1316.3812481812,133.7564532019,628.8397731948,153.0321158097,-46.9439350491,96.6679717534,-45.2185751685,60.5208564695,58.3223506527,31.5352660895,8.778333451,-95.8424878341,-16.6097399864,21.6048681852,-37.1933949133,42615481,5
118,-7845.076675176,2522.6324101898,-1839.9069815476,1362.575083183,372.3664475535,-757.6019979693,599.3902341797,422.2103153857,44.6217682325,85.0831868171,94.9849301896,-2.0821050957,174.9805729361,-113.5322912493,-42.5858733225,64.1376344211,-87.2264000429,-9.2120705041,-41.5825662502,-29.8827858756,9771267,5
119,-410.9530640741,-3513.1198915311,3411.7140612907,701.3360742356,379.7308185362,-273.2235609776,-146.6789994178,-361.9676034453,182.3632835423,-19.8358812807,366.7622333084,-5.004711082,-23.6069242745,-124.9957256003,-100.2657922415,-71.9383879844,-11.411937147,-15.9038766965,-4.8026550728,-24.7774511255,6467714,5
120,-5996.0366306328,3054.3755832001,2364.0405931226,769.0936820888,397.4914658262,-689.0377874409,486.7528356869,-316.7083765585,-315.3860965195,-219.1889646264,-196.9613713403,-145.1700333515,-93.7966895224,-52.7601816705,-54.7831290099,57.1202942724,6.2835730906,-19.6721202764,-9.4011070211,-19.1688172607,27818512,5
121,-1887.7464523824,5775.2442082761,-823.4462864017,134.1048936224,-653.7138328766,-217.4937975628,-220.8362028261,249.7420719402,23.456504149,-228.40156324,51.2063184684,58.3974860614,-5.7913890099,-53.3785680947,35.1732696896,-3.0813870739,-6.3109191348,25.0206215802,-14.773165624,-21.0809129537,59408683,5
122,11975.9449847716,6557.689988037,96.1707449558,70.3569056905,795.9385733696,172.6471660871,457.7672125644,118.7749710382,70.0883845395,-202.9059029081,-172.6686125141,-156.2627920552,31.3275135628,-94.802906632,22.0389934962,-66.5431792036,29.5266650051,28.351894015,-2.0273929562,-10.3519850755,278498,3
123,9861.3654910531,1730.0419734817,6159.7206955789,387.6457975333,1484.813433937,-898.1333180927,497.924550864,238.7358985843,53.8451436195,-71.633485667,64.4061220562,-94.0076705295,91.9391549366,46.9742876533,-106.8773968965,52.6634844887,22.2006277427,-1.8304072892,16.4142122478,-2.0852350112,195968,3
124,-4798.6594992365,2610.298868036,-830.9427442676,-1096.8781312062,-283.4467081112,259.9356710087,706.7931952364,-73.5395503744,243.8270188255,284.1355702907,147.4772396122,-116.6422537857,150.2189233659,-57.7293285583,-6.5039924835,23.6337452493,25.8764841122,-8.3685149925,8.5129132698,-3.5805158252,397499,4
125,13298.4845853864,792.4002462274,-1360.8069487269,2516.6173938112,2705.5922295938,1227.6154909956,-7.6884002769,1333.1551826237,34.5269185862,149.9803539795,-365.4835243205,-201.9866248983,35.4536148835,65.6716505442,-101.5361999962,-58.9390191253,60.2149283562,27.8198399758,-1.5981079873,-13.3989800635,246051,3
126,2819.4474482564,2042.1030832471,2375.6114613334,-223.5858875342,-907.5433794792,933.7971228029,-280.0349632759,-444.9360154647,134.5891729442,230.932915884,4.0932494295,4.2887309438,17.0368187627,39.9817877842,-33.6262054265,9.2065632072,43.7981316126,-33.0451491582,20.1846790994,-18.4189671204,224582,3
127,2918.5118298233,4630.3588788644,-2584.068071398,-1283.2675856927,82.3940230942,1549.6897009008,-344.6862183558,42.142910382,123.3730374659,-40.8138059203,222.0850769394,115.5193004684,27.0653681551,40.4453385139,-17.8921659868,47.9708428201,4.0459347112,20.1306586216,-4.9710735737,7.9252954516,193307,3
128,8118.6652503431,2139.4778991697,-1021.1201863876,-102.2455641612,-165.3735410291,536.5779731807,-371.7952565436,171.0710371768,299.1182984537,195.509512177,-44.499483001,-18.9513800801,18.9253883217,-62.7396141167,-37.2041457785,42.1321041294,-37.3570599622,0.1095494681,3.5166164416,-8.9737719796,200465,3
129,-763.9784012058,-1086.8732476194,-3327.1104618796,-1053.1624630674,-475.8749026467,596.1717757198,212.8397955478,-332.5118910879,-244.6221616127,-330.4957143555,-258.4299121247,-20.0040605127,-32.0563355495,42.716852225,57.3936579067,39.847725824,-1.3320074555,4.6296681026,11.5186661734,-1.4577090434,24974,2
130,-6796.2604799611,-900.2619693305,216.8160270977,-1036.694389277,375.6342968195,299.5856715503,307.0200294248,-85.4729640076,-105.5538261364,264.571552899,-165.4391294794,38.0815027041,-22.8237462893,-37.4696922679,80.8001117227,13.8000479752,0.3076156894,-15.7050814368,-10.7534108147,12.3104759834,4642448,5
131,5445.930656556,-1150.6997011029,5121.1763984203,-919.1081278985,189.7085706326,-1199.179276472,896.1175708592,369.5677267906,50.8946282735,-89.0277755772,25.2736535598,37.7489186582,34.9662615864,-12.6078495807,-37.4917921029,46.4526611274,-11.5529240702,-31.2572173995,2.4878216775,3.7827454794,3857459,5
132,6892.0218641791,-1653.4418346911,-883.6250705602,436.3379942929,785.4837234362,-485.1794264776,214.9359522497,-223.1550810568,321.5638992386,135.2064703624,232.0889851411,-95.0875172668,-1.7285191563,13.6756239672,-42.696587606,-52.672566255,-33.8637733519,-2.7829897403,10.8160081513,-6.661938137,847345,4
133,-4385.0335610378,291.1118079839,2510.8104894433,-616.2256627768,255.601357521,1297.6988227908,-327.1912846821,-274.372951776,270.0087453948,-61.09096232,-22.3175319412,11.862568145,142.3797995517,131.4791582424,8.2465288033,-6.1969156612,5.2084220365,-17.8883879305,13.8815885182,-19.0190455751,11001311,5
134,-2400.9188752512,-6025.4683664558,-1086.5218338134,-1626.9960329191,-1223.9270834556,-229.774120374,403.045506187,22.1485486868,23.3720315516,-5.2297982012,-22.7412473994,-106.8050604458,-80.8836601363,15.3953992681,-18.658750299,-1.231618073,1.738674295,-12.9219202083,-5.9130672091,10.4282338568,2325310,5
135,-2609.3527350001,-2062.1552458027,-1433.9413638433,651.9199293601,-1190.267815849,150.2984826106,-185.0064102495,-195.7894310838,-340.3022976394,424.6979017936,192.5345354454,56.569833862,147.2372029766,0.3247154699,-75.1671013181,-68.358525248,-26.5676652188,-8.6745765024,17.7229417495,-28.4098290894,96985,3
136,2226.2451482326,-2937.5491846138,-152.5538521836,396.7255171021,983.913498575,-160.936968696,-209.8024943958,214.4539711281,-278.2774345765,5.675431395,-136.1100191452,-197.1859284332,-61.4434581527,95.2624694785,-7.639852203,-29.8372269107,-88.3169170487,39.2992684588,9.1713105268,-1.5322420062,16183,1
137,1386.8981888011,667.4337250023,-5233.8253068599,30.0323650832,-25.3218939963,-373.8119921737,544.8153710366,-68.8494397436,-445.7589847384,41.6483234465,-135.4419980978,90.2360404453,175.2456817687,-101.509173102,-53.0065088359,-6.8732877732,-13.2870135357,-47.6792256801,-30.0011162578,29.4738125886,13765,1
138,-7726.1990855897,830.9335488908,-283.6054677889,1105.2369491767,918.1132503656,-502.8964504101,-222.0517690453,-471.4248660572,-257.8408897914,464.3300713083,245.6865745698,62.5165581367,-249.4921205829,110.9392151133,-67.5840229461,20.7061214944,-40.9803031185,-19.2423449143,-9.8215882711,-6.7049208042,15929595,5
139,-596.6106177651,1123.9945204734,1580.7504692619,-530.1839257819,470.6383632194,-796.098100247,-304.3292749924,-82.3304062727,20.1447785921,131.0286395754,-208.2487495503,-73.0734083148,-4.0683041562,34.9693109048,-2.1742682362,-37.2117376319,-23.4681603001,-1.5783741375,15.5845712983,12.3684709398,442399,4
140,2313.9086164189,3759.3674877406,-3378.642185986,1420.9692741688,813.1826444173,-1267.3083571698,-303.5546146722,-941.1629127316,568.2622421947,-26.328054239,-139.2485932494,136.8200454393,-37.3894420795,-8.5085275463,117.4883380923,-107.5664162506,24.0267182807,-31.5081120906,-15.1916765476,-10.4099330742,4086,1
141,6239.1952960797,-3463.5468362155,-2079.6596606449,734.6537425033,-190.574629648,-1866.6070683627,221.9588381395,-0.4577658796,108.0625354565,30.523222829,95.7643734967,38.012036439,79.6449073055,-77.6205402312,35.0070401221,26.8817511392,-17.392526973,-21.5618699589,-27.3897593221,7.0492889728,9543,1
142,3190.9384260238,-374.3416959357,-1272.6358308142,113.7782449557,-941.8917887897,120.2300486648,-487.9826640702,135.3871330582,74.0378828859,172.5306329106,-292.7206618402,-119.5776565676,-61.5384285502,66.2868896913,9.0103990571,46.9593346172,-40.8741185601,6.8654157082,-4.643071308,-12.0070219193,2746692,5
143,-4262.2083735607,-1386.9512593647,-1100.0378265584,36.4463087558,805.7672848768,-821.7593988001,-213.582584996,-205.4466775925,120.5786427618,89.6967155857,-405.8638339808,-97.1309823534,29.9062703309,152.5667811169,70.8985478965,-27.2807146137,-77.6889944009,8.9467043146,25.6435680902,-1.6355242787,710441,4
144,3839.1700247503,-802.3578603919,-3039.0430759681,1607.9918446895,584.2933977035,-2074.4213433879,-326.6998923511,-845.5979606808,523.3584419944,-80.6820127058,-43.1799984421,-185.139911609,27.3073957663,48.4552350611,119.630335846,-34.1062574218,31.9767717677,-9.3359299333,-25.9691945388,3.9786222215,10537,1
145,7048.0296805066,-9222.1299289828,1247.1902368985,1830.9264049554,2546.6387966359,-755.9650406926,686.7810313051,1929.2929269961,333.5353006998,73.8266827522,255.983722643,477.4294605523,-49.2656406889,37.8060462243,-61.9424268264,8.1711386297,30.3172464056,16.0042367443,-10.3682147466,-1.830356159,4979,1
146,-10526.9463579931,3279.4414375277,-462.7303142686,231.4894338973,-131.9259783107,-838.5822252276,-410.1795741786,-44.0214449471,339.3567416725,-42.4135312958,65.6129614793,234.1737579696,-67.3472671814,-6.8414824039,-7.8577953848,-26.0891435243,-5.0840678596,23.1902993253,-6.2637081092,-16.5015308659,1948631,4
147,498.4185548285,4903.5606718776,4399.1559074565,-1470.6023410686,-571.1629704699,-202.8083630343,-109.7640490051,-394.133547549,463.5625113493,-87.9268788634,43.9806604262,104.9595270516,-13.006805874,-115.3186253194,34.4278184021,9.0965357522,-41.5914573401,-11.6893251026,-7.7134824452,-5.9090291063,501,1
148,-2330.9776924466,6759.0732241638,949.5528092004,-1033.2265513707,-1103.6219046257,-223.7169552697,346.1000628009,186.4854406029,331.4736974256,-124.134148205,80.4046719527,113.396873936,-76.2624084349,-46.2593507529,64.4942669141,-41.1772520719,-7.8457588162,-30.7383820785,-10.8786428409,-12.8880264579,131509,3
149,-9180.5164931516,-5977.1356379336,912.2058043517,349.4711824447,1302.5300849784,-881.1864714442,-428.1084942267,-170.3438285869,309.7044774236,4.8305771173,-47.8437312209,121.1976975963,35.9959260306,-139.9304484482,8.378585598,14.6554520234,-7.6754994561,26.9791791216,-22.6616381195,17.2416008261,48691367,5
150,-8837.493264533,-2507.515290842,470.4071452438,1242.5743863885,931.3032299422,-443.3330019209,-457.5574085043,253.4374800401,-170.4713304255,-29.9676631822,-243.1687620629,50.0688766839,19.3130205528,-31.3332581776,-5.1686722569,-14.8873316961,-29.4499018358,-11.9620130825,-20.0131467676,-4.4737629121,138095592,5
151,-12979.9800489702,3676.8956637634,-1670.0187606274,-495.8941786575,511.1688914833,-338.1254804325,91.0540323164,-38.305929518,250.2092982006,-107.7464093636,21.081775888,-180.1419046224,9.7904249355,95.6252754921,4.8484810224,49.0370677964,0.3624520136,3.0533272069,-17.4407119368,14.8542187826,18802681,5
152,-6287.4548373223,-2758.4051879234,961.432083221,1364.5777114792,128.0642900158,-145.4151018044,-1084.7496747124,-146.7125262525,217.248451786,121.5929687385,-115.2121845164,-26.4896534249,-224.374296552,-147.0210737648,-16.6553363126,74.8929763865,-36.918709983,1.246550174,4.6312081956,-18.2589417759,1380115,4
153,6571.4485073954,-2709.3314595868,-50.9321567415,1591.790823982,2215.4624210789,-830.7364589891,-56.9849028468,-88.4836037903,68.4886924155,177.7612975757,-127.8031192019,-148.9584030129,-1.1787117478,-8.8046995537,115.8970585821,-32.0706601736,139.7950698664,-31.9088234066,-36.0266568659,28.3286919358,588890,4
154,10445.7862534663,-4939.9595490279,-2134.3416735012,-1204.9872833469,-727.7337997148,558.2233511325,-105.493242351,699.6977006211,429.0787284757,-18.5972562865,-36.5860353266,32.5015603864,-5.5219290913,11.1714474712,70.3591207562,18.6007260471,1.4309160147,-0.516310496,9.9216477314,12.8288247128,322105,4
155,-4613.4723378105,1376.108377827,1930.3676324086,-1154.7869553039,437.2466915154,166.0980809615,317.4011725724,47.9844492552,196.6004216355,-90.0953655401,-272.5050786127,-1.6000589724,-38.9819884023,-117.4934092312,-18.882308797,2.0042289137,9.8280116673,-10.2422516507,-26.5727039247,3.4313237408,810100,4
156,4244.7430818085,-2549.948382999,-0.716583549,-1788.0701668866,-108.0278460874,1519.1524779712,-124.0212841365,-132.0777087905,258.8359078163,157.7951714321,-45.4508285031,-131.8975083402,36.7084220713,-116.1579643277,32.7883039518,10.7968698831,22.1813534559,15.0278133035,4.0503254404,-1.9013225111,295685,3
157,-7658.5765934779,-2276.2834892443,137.485417043,-562.8350539725,1027.1023977622,756.4119391753,124.9489991987,-713.0406258346,-52.0455931772,251.0133085938,183.8228251313,-4.6633556382,291.9841532271,-14.5517168199,19.1264996837,-31.7334995934,-9.2565279792,12.4354485488,2.7601504865,-6.0723148448,722935,4
158,8225.0081299986,1158.1014752543,-2962.9222966951,230.9999405226,577.6499899618,300.4012815396,64.0463628572,-6.0566757724,277.9084365877,429.8489333797,16.8200007872,-345.3676209869,62.8631846193,-81.1311388597,70.1843273841,-4.1755553989,-12.7361085577,-16.9039403437,-5.0740672754,1.5332729812,492316,4
159,4266.0319574251,7.3418558104,-3765.4755779021,-989.0386129205,-373.6455457367,914.1432294002,15.5317754654,121.2384737229,332.8945539073,-186.0031618384,-60.5276816061,-31.3031966313,19.9156234194,10.5573776595,-23.2135061329,70.7018211972,-1.3954113835,-20.736837594,-21.8796389237,4.9041770815,255677,3
160,-960.024274448,3578.9323744831,2903.3805996236,-1455.6687041057,90.4772136108,-467.4532810311,-400.2667951737,-481.9794979787,-59.3926978414,36.7478162472,-56.2090456935,51.8332235528,-93.7027238437,51.0636042937,21.4410217617,-13.9917992608,-34.6210190033,-22.4169789478,23.4676864862,2.4079379251,628954,4
161,1617.2813626429,2950.7549992182,2258.5487955755,-2024.1417976185,-108.8931065318,1088.9519584031,-302.4701765176,243.9009293731,323.6836371537,-22.6643803772,109.0295295383,50.7715083365,-68.4353222195,-46.2843406941,-28.3642712127,26.1291029441,1.1037876536,-25.2410151406,-12.0339720132,0.3158713874,2164454,5
162,-5433.3863898215,-1987.9747544942,-1572.5131345681,1738.7043094934,-1681.0744484982,-584.8764227959,-190.9912993409,-132.338868278,-323.929396516,-172.9045262813,-115.8290138175,-43.8854475048,48.8317786188,70.5950423112,48.0164877372,17.7632840541,24.7670904807,-34.9216050576,-23.0059668065,-5.3291956253,17350,1
163,-5093.6071943344,-6837.9224867126,-253.1655848684,1036.4271022945,-710.9510799604,610.5002544971,-51.0851493999,86.5245874047,-141.6017237986,-217.5226382741,-149.9807746624,72.8750484329,51.2113348186,-83.4953489035,21.4182847214,-16.76571502,-13.2489425167,-6.9555625698,36.1690462215,-23.0805251933,7084,1
164,-7800.8681193134,-4267.5112466106,57.1747764451,684.1981061138,-240.1573558259,-172.8236372257,-466.3706125522,282.6761481863,-11.7438468815,-134.671662839,-44.7019577609,60.6067582502,100.1172315826,17.6061214575,4.8520542933,-28.5117924499,-24.7403491127,-33.9944126448,19.2485254355,-14.6936914916,5517,1
165,-4627.718308062,-3644.5757288394,515.8133380557,3101.1922612176,-543.3328962392,910.8001872817,63.3429557407,-37.8401760772,-241.3687502549,-40.918943472,-72.3763615283,60.8840910011,-78.6396668707,103.2885578996,-105.6313255131,2.4575771533,-28.5466403893,-6.3217651127,-9.774402918,-23.9294556309,10767,1
166,2007.2824626489,-2108.417224148,779.9280563615,3532.5952435192,-1588.6809206544,226.1241433053,-756.7212037815,-464.106954841,-115.0177258089,-74.4162554681,-63.3278821726,11.439459933,-6.4118706945,-120.5754488197,-0.2834122693,2.8332351305,17.9431873631,-25.6450304413,8.3352336973,-0.8462042335,9931,1
167,-4570.7900473716,1022.2192920446,-2404.887764863,1546.167675069,-2049.7931664249,-1118.5856637575,40.2582505417,119.5833214485,-116.6829421004,-214.3768253465,-18.3425086578,27.9386757668,91.730599922,165.7099795,-31.4813357995,48.9833784956,-2.7790473649,3.3064419572,-8.5781706934,-2.8547659043,8882,1
168,-8253.8404365692,-700.1385658661,-1090.5847709426,321.0989634659,622.1185257102,-767.7861624307,-189.4059974351,-194.3200077567,15.3755925708,88.6990474684,-250.9301448817,135.2434205653,-132.8059243645,7.6463145697,38.4979661319,-39.4377858259,-35.1906302334,4.4963709348,3.2227255359,15.0525011876,7066,1
169,-5696.054735771,-8774.729374575,-622.219515292,-461.5659194081,-316.22262108,1074.4924963966,192.0064900399,-0.5226205879,89.6661272264,55.8500763224,67.2839603583,63.7161223434,-40.0458327956,29.1879924845,-17.048670826,-103.4061781368,-18.5889436842,2.4944242313,8.5621193609,-20.5132448298,8323,1
170,-5581.9537325618,-1981.2735205043,58.604400921,2460.8913144133,1292.8628018273,-671.9577725667,-745.2374026444,393.9406915073,-577.2427113925,348.5165031275,26.8038984918,-21.3182879242,-21.3348190605,30.4079449976,-112.7612058758,16.1758449419,4.9464996425,10.3547235482,-35.399116359,12.0380914075,6332,1
171,-2876.6483790938,-6678.5550007556,-2258.5839858033,311.2488790317,-1868.7808171756,-390.0296676124,-385.5555149651,-219.3282000205,-98.4410096069,-33.3450295784,228.6618100881,127.5280384864,-5.4968826726,-62.7672335829,-45.4379278056,-63.1237319484,32.6138596209,1.8805515625,0.2166805403,-5.6355481837,7867,1
172,-4135.8512242803,-9221.0405175288,582.7279298947,1130.3635379493,-840.1886242519,-457.1786004763,-218.4332754745,-388.6139046862,-464.2695732477,215.3409621279,225.5871266312,170.1537652745,-67.6554943011,90.1683893207,34.986850907,-68.5855585046,-17.8986228749,-0.3214966738,4.6228451042,-11.7249869451,6914,1
173,61.3410806484,2306.7198982941,-1207.0945097337,148.347516435,318.3835679315,-813.3562319127,-805.5087833472,-238.1053801153,204.0889840694,-95.5769210426,-78.4754377107,147.9874736825,-11.0767911761,-26.440392825,-20.8561151732,-50.1412739109,3.0189520977,3.6288894257,23.438282873,4.8083293829,31014,2
174,879.6123624399,1476.3787253024,-2209.5300699892,281.5235046039,-417.8750228959,-263.6701215359,-752.8685896646,107.9998604722,211.6400681879,61.8981214577,-49.4220593773,-34.0806613335,-2.2500783435,-54.3027577831,-91.7413820369,15.4959947693,13.534769719,-6.200224027,32.0191057189,-5.7803380218,10689,1
175,-2537.4343320518,3142.6333286648,-1447.887057604,-63.4660648096,328.6131245501,-55.294334216,-559.5645768589,96.0657104656,175.5461187186,-172.3286345814,-36.2335308809,-40.0924170981,15.3086077662,-61.2768300739,-78.0741439171,15.4397743743,-17.4755606467,-4.9482075753,32.0284945049,-4.6623565886,12703,1
176,-4663.1541049269,2691.1164425367,-520.3175230619,93.7431744303,-550.1342934717,-634.0444897396,-547.1007072427,-7.9494051419,-90.5885829248,-248.3984398811,-51.2919644085,51.5762113521,-20.3533941355,-82.1340360231,-83.8852444131,-23.7228732766,-34.4579891045,-6.4217067249,44.2020210422,-10.7437710254,24713,2
177,-5734.4150217671,2272.2175241252,772.0653656242,-336.70778227,786.1486243079,-443.2441556189,-752.1494686544,11.5133864148,-82.7705619656,-175.5453809388,-50.0217285316,150.9947871181,-49.9384363574,-89.0681867926,-73.1232155555,0.6913885969,14.4357228494,6.6240589781,28.5660219195,12.2573974576,219864,3
178,-2631.4933544585,1831.9957458335,77.6695484294,-549.956974843,396.5025928813,-872.6215411605,-783.6157751082,-30.870859657,237.5961207496,38.4050335773,-39.1632480177,182.1398177122,-129.2477330991,-21.4188468389,-37.4331136811,-7.118770584,3.6842899764,5.8683254824,20.9201442311,6.4409119714,16192,1
179,-948.4646968172,3250.3127456635,-967.9575069765,-621.5721336551,-364.3996849461,-731.4977145717,-249.0504143539,17.0240385543,153.0582528856,-151.7828370581,28.2934067551,50.8525153768,-18.7418598772,26.2529281743,-80.6659937531,-9.0681459887,29.0033547746,6.3862809748,18.1084513671,16.0187723891,8232,1
180,-1529.6243453202,-2210.7690463218,1904.7399102911,-533.9539364174,-112.1825881256,-65.5950205087,-373.247623979,-1.7509772927,307.7403832632,23.8371512508,-216.858260164,350.6491371565,61.702142348,8.3551887147,-8.6617332144,-60.9418053904,-42.3572616492,11.2254882696,30.7532169947,-7.800774931,13033,1
181,359.9452182102,4749.2588264404,306.3234102403,-36.492002433,401.0337797738,-905.6426099962,-402.5110337964,-431.6882734291,230.5779180448,-133.9857881997,-6.2074394255,194.4587855175,15.0640924962,-8.6002505493,-80.2792770052,2.8707843639,-23.6516637827,7.5242063407,16.7586108769,3.8326839598,63263,3
182,-3934.9034912631,1127.1992938179,-868.2220876233,298.6201504143,-182.8859154041,-1381.9515651058,-950.287779047,323.9607177159,-164.78578158,-159.0657227706,15.031319834,41.9583657498,45.9665066031,48.2465127982,-35.459770824,-40.5602490313,-16.8764328322,5.7800086315,16.3289132945,14.5918343582,6172,1
183,-4525.5377153727,4219.0259225198,4594.06892108,7964.671015796,-2711.440982359,1326.3417575674,1562.6211783018,-724.2795866717,1058.7106422039,12.8163351569,-231.2887870549,64.8768392741,-72.7430970936,-101.8554802869,-63.104147657,-6.9652778958,-65.9956371183,12.2517146458,49.5254447806,104.9778079496,41710,2
184,4389.0031056276,2216.7162454574,3357.7955804238,2488.1388747537,-1898.9153696902,-385.6804906972,-830.2482420954,-554.19572069,141.8840734401,-46.2880486502,-33.9669463365,55.9950357812,21.4981455038,-16.9055367458,-11.7850760792,-17.8763331138,37.0264208772,-10.2996952945,-15.1492642955,-6.5897619413,48486,2
185,4474.4728583005,-7042.81419074,1348.5659325913,89.7192943615,118.7331206798,-1380.9592541184,181.0151486098,226.1213007603,431.6758569031,-56.0997220512,135.8678620679,-108.1522679431,86.2444804526,-80.9517115122,15.1266513968,-52.5593372286,-25.3347573858,17.5869306875,-7.03658529,6.202906291,71230,3
186,6462.1139854595,-1552.1470906719,-881.9058666274,2718.197982176,-1759.1222857887,223.3029528189,-677.2897837961,-107.8537976741,197.4628087523,30.7290512802,11.1884178257,-90.6344233453,49.5847954454,-56.9682670386,61.8361634218,7.9014375902,39.4403191363,-28.1517774777,-5.8014748975,-13.1699843714,15356,1
187,5242.2654077794,-2364.4879079611,668.5073725985,2287.7310909843,-1260.6741414111,202.47103575,-875.9824188047,-138.6113329617,206.8832618676,74.7518177929,-39.2736055123,-2.1229723147,-35.2805537239,12.2861070806,1.0198489366,16.7233210806,-5.8102172553,-18.6275133857,-7.5583894434,-13.7081791232,31631,2
188,5071.0760277846,-2241.82910149,-1566.6631098492,1104.8784336451,-1269.3054981545,-389.1415189785,-363.8467657487,120.53805078,243.8961373746,95.906966844,93.6997067696,11.6975978167,-84.6574565969,84.7313181911,66.6976209541,-7.0828032012,21.9762859347,-0.6254977347,5.0991505584,-24.3952927571,25192,2
189,2990.1838408341,-243.5005859669,234.7565172442,2369.5545099307,-1535.5427079331,-341.5561937737,-872.0579807968,-117.1774329031,255.8905477243,-117.8700433462,-28.3399811697,-42.2661875941,17.9061857424,-32.6211650974,-25.5687063062,23.4915001385,23.2870783336,-16.8914744562,-12.059234419,-9.4345162573,39481,2
190,7431.9543664453,-605.4314622344,1528.1646041283,2432.3555556835,-1105.7041798969,868.4097258961,-839.8637724272,-465.5218930199,510.6183518314,69.3119321911,-113.8559988763,65.100503494,-13.136723234,-53.5350531595,48.8650574631,13.8938369144,3.3737250367,-10.2927446336,4.2236895841,-32.7706080193,30935,2
191,-11533.0244968515,-8036.5923398422,-221.5591094269,-1186.2737839759,-1149.6730626698,-1236.4003488818,358.696046973,133.6336572918,565.8556447738,74.4670580685,101.4347665809,115.8519045994,-12.5042673725,-9.7148276403,12.2494928442,-0.7611525356,46.8624658844,19.5375583703,7.1267751997,1.6918787987,28238,2
192,-3331.1795836415,-1765.044376842,-3027.1476518765,-863.6062930559,544.1522679218,-450.2214958129,-1549.686843667,985.44782573,-161.5196793279,173.140702221,-123.8554809061,14.2583349273,-89.9393431192,11.0696827525,69.7456178108,-4.9942953834,19.109708448,-37.0623162033,20.8381036618,25.7275757396,19872,1
193,-674.9361416281,2691.1530673262,-1477.878522612,-1692.2295138356,-637.286584449,299.4551871725,94.7433810796,320.3914791627,231.170338887,268.8458948394,25.7009556565,-55.7400118466,-98.1351006227,-91.2343338938,32.0864728408,34.6301569046,32.9247962259,13.4441823746,-2.9241633151,-0.6054526632,31305,2
194,-93.2668973544,4719.5707238155,-707.9640666584,-133.2530078754,402.5150352175,-692.3471200575,303.469289283,386.7560367317,-97.1221137045,178.7431548187,-121.4290752183,-12.1418938839,-15.1825199414,-50.3458133687,-27.7220477572,-60.3889907422,-4.7916752772,2.2797872106,-45.2980423817,4.4266770452,124389,3
195,-11065.398919927,-3060.6357377199,260.0200828637,812.1833283103,-628.5539823782,-185.257060848,-1127.2675366684,21.8278270731,158.0635159719,-55.0467912747,-24.3937930628,-9.8061874665,11.7013811209,-105.3666499193,-19.1426053767,35.5492539423,19.9043284909,3.1275165714,-11.5339987133,-7.9856757769,14625705,5
196,1390.5464205669,-3962.5193137152,-239.0472009303,1187.8991935602,-1253.4201732367,-371.5251564762,-811.7511504054,-419.8854614715,209.4964959938,-70.4076096147,184.0496904379,56.4738272842,-87.6817065136,-16.3580077165,-1.0315942476,16.1269141854,17.6407148384,-5.8229043428,-23.7045624648,-10.8872811215,1988433,4
197,-4328.5957666834,1357.6446499393,-2996.5170889741,-1019.6007955763,-303.112652053,144.2959484247,-30.0057602314,-415.8687578557,345.4307405363,38.8536974362,39.2137481306,-85.8144850795,166.2053623436,-54.097233217,4.8300716503,32.4613476925,25.4755904268,-1.7120089905,-0.8834222002,-0.4873713265,62730,3
198,-1465.4414193596,-3052.529924052,1441.2895046111,522.4187396163,-1184.356047528,162.8022279312,-21.7077335642,389.3918792652,-232.0697292771,-202.7754279117,-2.0847666552,-118.002652509,7.0564536757,33.5310039457,-7.7474506351,2.4948248028,9.4314813506,-4.808789133,6.2579143442,-22.8524946041,159602,3
199,3295.393972554,1636.240894719,6332.3450366522,-2620.2165803412,-589.8585306141,16.9297647612,-159.9615025464,161.1702009365,-213.9402088128,51.2039235891,-226.4670519555,-29.639442674,-29.7908440758,21.5606267128,-80.2102141729,-7.7420506896,3.7926704733,18.130680163,-3.7297516558,26.9152456051,72812,3
200,12595.3953770254,5238.7445682305,3200.6107332948,-1207.0788810645,-169.8539474415,433.3917457955,-841.3938586046,-95.3638531577,-134.0616669791,484.2499670736,19.0462030529,90.2217841331,-40.5424948066,-113.1381273921,11.5224107815,45.5269910405,5.7476251328,17.0862024051,-18.5654047339,24.081202291,49964,2
201,14754.7734650665,1704.4595129419,-118.3151778389,-128.4325977018,-43.5225686254,-878.83850022,-867.0041541758,-533.4654151939,-136.5473480403,283.3842167874,154.4139060699,8.0651297205,59.9379541228,-146.8887025802,-2.0502924342,50.1964415722,-9.7060895018,23.0473368111,13.6062887349,26.5379180271,43118,2
202,5619.2202148732,3479.8180136052,6120.5756616341,-1676.5896915283,-251.8788474602,-158.3110541875,-1193.2369842868,-62.0051219871,-99.6001886585,68.4561036934,-40.0664029652,148.0633973437,70.1854282787,-62.7573799844,0.1143650382,54.3220051827,-5.5518742396,-1.8519057574,1.2719666606,22.9160319162,40918,2
203,-5473.3221614015,5069.9381526985,1582.232059236,-1634.9102218817,260.2437224642,498.0304585476,-1480.1504025057,552.9841636666,-571.1821169521,-61.1733864652,131.5264374176,15.2695454841,51.4957819215,116.5695626823,32.8782719481,28.2708563798,-37.0104760277,11.4720418025,16.0865824312,34.2244911919,31517,2
204,11752.6252552919,713.8050416245,-1733.6604844668,-288.8931687673,291.7563553604,935.4297699981,-1130.2857679249,-56.3603975587,258.3857298291,165.320071962,-64.8379230537,23.2684549722,-78.264389329,-32.6136292984,-24.8970339739,50.0449506585,-34.0122539932,11.18999514,9.9992568627,12.5434796361,30332,2
205,-36.6018576649,4751.2351010993,2414.5487660659,-1803.8929613728,-249.6753328098,-408.6123248184,-822.6403365902,491.3406633869,-148.0388649594,-60.7178488858,93.3146952613,181.3970944119,-75.3963305026,-64.7502790112,28.8460223247,-38.9410259667,31.5031153742,8.3184171276,20.5203526658,23.5673230631,31964,2
206,-1846.6796719011,2458.4519541435,4752.8079787902,-1404.5796935668,1007.8846175241,89.043557362,-1406.7400012535,-39.2975178572,-270.8215031225,58.1861092823,-114.648004763,160.3099981607,143.6945562652,94.9650362593,19.4708992927,4.5120539127,-26.2522588317,26.7236281492,-6.6440328275,33.0752009304,30073,2
207,9979.5350854579,2265.9730793383,421.1042712755,-533.8600991806,1083.4223843241,1357.9740183933,-1018.8911367687,471.3608549203,204.5559187214,91.73558685,-87.54649358,19.4383818261,-23.4355322911,-49.2745977176,20.796850399,0.6904247423,-44.0426375787,6.8950654021,1.0929457626,10.5270642341,27281,2
208,-2243.7750035104,1486.537171466,1951.9101919493,-15.3078771754,763.5785631335,-1221.193317563,-361.0178567099,-592.6497622829,248.4014213591,-85.2811856261,-152.9591541678,17.9851107741,-42.0360948164,-83.1481023733,-10.5961312158,-11.843101588,15.8256083108,-8.1431016749,15.0960158985,9.8228410791,4182238,5
209,-11775.3752830456,-2645.6684327041,428.6679250823,2643.7745920005,-703.0356327573,89.4702608803,-411.7540374314,-118.5043135007,-377.246361448,-85.4319555195,-209.9138324915,109.8010503987,117.1953344883,38.1880701268,-18.7709283381,68.1468707114,-5.3853573344,-8.139266395,-27.7379475336,-8.6869866608,836082,4
210,-6222.3524348306,2361.1694402886,1015.292823894,-994.7475818389,118.6386092896,-775.0522815946,397.8846606073,-50.0921943999,31.5359334073,96.5534022778,-320.7797961851,-106.3294213835,-81.9256710475,78.457719408,14.9952852165,-12.0518431531,-9.6395943617,-0.996002133,1.4930778253,9.1759658844,195501,3
211,-6897.8853126551,1130.9302807869,227.8506714077,-886.6062179371,-702.7666056473,-503.3175707111,-56.7030019748,251.707976854,-93.8334081729,-150.5006130993,-179.5289946414,-110.6925176869,58.0627313759,77.6139429871,25.6422086271,46.7412108197,3.7872352952,39.4839480745,-20.2653884077,19.2569357219,342824,4
212,-11861.5114369916,-2724.2242029378,553.5398605827,977.3702270944,-79.0498269919,349.479273839,-819.3402575211,-427.6840218577,-408.8742781176,-17.4349944328,-96.849275374,-45.4191344721,-122.7397244221,87.8520891612,33.2257245409,6.4335021895,23.1007847812,34.5828353587,-0.9529272924,-7.6704961231,10795412,5
213,-10635.588832366,1030.1582404253,-284.3210025184,1407.1984036698,-857.0354606325,-25.0035111667,59.4552524468,216.7859225912,-793.6930529434,735.9009357302,39.6824171354,26.3910223199,83.8298283209,-126.6443625376,-57.8047519479,-25.3673447354,-0.874575458,-13.593143489,8.9603384141,0.9057642062,3448122,5
214,-8880.8192255504,-2491.6525978154,1159.1102320983,-706.2326585322,754.2838661637,-417.6969563861,194.8914452639,-63.0711415757,-3.1121347478,-61.8122033492,-327.3655933255,-27.9064851953,-15.1015101618,52.7558624026,-25.9327408329,-50.7921794133,-5.3331993266,45.8490831265,4.1308139676,4.1740508827,520714,4
215,-9942.4966584052,-1196.6274157608,345.5803898239,-1221.4885566875,624.2591547013,248.3749105314,-199.4269351173,-196.3617834402,-306.4076862796,-253.815201497,-311.7348769605,21.106494569,84.9391449923,52.7318476712,13.0941892812,-96.1809984919,-48.5857095114,25.198756212,6.1702868583,14.9236873048,1043633,4
216,-12391.0243513491,162.5116358817,-811.1074809624,988.31068132,-991.6845568111,-470.6478350878,-189.7574284834,184.483678733,-56.5081534989,-239.2701424193,-282.1507497411,-24.9902327257,-43.4430018173,-117.5608378201,33.0467065184,74.7365184982,-8.229664674,-8.9479169065,-31.6375120555,-10.4263441936,20966149,5
217,-7505.4897499758,3996.9204917869,8.8665942615,-1185.1313347518,-517.3795629834,-484.8975560039,-387.2655456425,-46.768279018,-270.905852115,-260.7981532661,150.4835726196,-45.1952971224,137.2002808057,70.347003192,-51.3566931241,117.3184634512,32.8329277683,36.0354174892,-26.538005949,19.1045235032,138884,3
218,-6013.3537236805,3571.0431352751,-634.0297722192,-384.777891993,1163.5458556907,326.3786463103,-213.0721875788,-256.6022852971,315.2257783709,-183.2504440794,-6.4609447134,32.400216942,34.5865973846,-15.3808493025,38.8238642348,-29.471935611,14.2050870221,-17.3142473675,-30.367824418,2.6711492741,3640224,5
219,1087.3226623767,453.637690452,585.595808459,-1528.9606047724,371.2573971796,1319.8918797854,-542.5277519828,-279.5548815135,334.5720454753,-189.369748116,17.0767261867,-61.1608004958,79.4951152383,-37.90663278,-57.1888575602,-21.6897724675,5.6167645043,-15.3607466876,-25.7845112333,18.4870360148,39540716,5
220,6414.4024812642,-6105.6212264611,-2749.5266971584,749.4442820992,1142.776641813,191.3713840531,304.0322408163,176.26202515,-182.7942649947,-329.8033671238,249.0188002957,298.2904191165,-8.5468374679,-23.9738313785,70.0867923042,65.674327552,-3.3137340026,-43.1380580263,3.5413523977,14.2294468863,94044,3
221,-3591.4974096002,-5776.3814223903,-1297.8121664767,-580.0221307305,-546.7301918835,900.038519661,-158.5458255875,341.9458613926,-1.2018598152,-31.003957032,-167.5162466644,-60.1983065046,-161.7086118786,-127.4331297924,-110.676747708,-6.9726762538,32.9770659122,8.7962442744,4.119083962,0.5872271718,714621,4
222,-1460.9222568831,-942.8111078837,1104.0724754417,-1233.1190719236,-560.793187426,-179.4865997045,232.1501637558,-159.9054282404,177.7737097176,-83.4606244207,-278.2615781236,172.7125542305,-111.2775765562,-79.675928925,-72.488767847,-99.6778582946,-48.8497634202,10.9777883468,-44.4634483726,9.1006556459,1755557,4
223,-4759.6682474792,-1826.9115027417,2147.814760793,-720.5973295926,189.5473485988,-429.7379158664,-231.5944647352,266.1760554809,50.493615205,-5.0328004841,-239.0080664735,125.5395543873,-87.2500674641,-89.9439489085,-54.8715066144,43.1346264276,-44.443728374,-20.5678546937,-8.3277046366,5.7953524495,3432391,5
224,-1311.3313632935,-3191.628594426,70.1552551014,-287.5953352516,394.9559729079,-526.288122498,290.3822475033,420.1589695159,110.9031912958,-43.959105692,6.6178961737,-49.8343074881,-58.7854257054,-85.5349006662,-20.0447395226,-72.7179398038,5.4321398604,-5.2342690748,-4.8863890169,8.8755248466,493994,4
225,-2150.431722281,-568.5810664161,-1009.9660144651,-232.17351457,504.7816795555,793.1077391945,-586.8738947739,-53.6068910537,32.2362938919,-161.5594714222,-59.8427972132,56.9988559202,-112.4785913828,-90.4691795194,-70.481428892,47.2308670816,31.3094907916,28.0218615496,20.8474927906,-2.0053179245,1452019,4
226,-883.9246680355,-1379.743172082,1665.9622526788,-1022.4340930984,-415.4564036206,-758.4670243345,460.0154228183,312.5832450642,399.8727673088,-5.0454736857,-118.673542067,10.0957716222,-106.908937073,-87.9317704627,-28.8089816483,-22.4818297537,4.9372975117,-20.8471586917,-33.9437583827,3.9541124972,802045,4
227,-8036.840238258,-386.2778074481,503.9568916503,-684.091662412,720.9468002218,1288.8612909707,-1063.8703001006,-158.1481960424,-407.8990726756,-195.99147935,47.0394805048,6.5651077267,-20.53341337,3.1224712128,-58.8504613204,-14.9518046596,25.1973631929,-5.6444684651,-4.7187016269,11.9886862849,2924126,5
228,-4428.9951800915,-4254.9245282731,2018.1556534638,683.3241274212,1243.9940953139,-82.3127522409,124.8461402141,-52.7171267466,-91.8954801352,-170.9045812538,-233.3653798502,-163.6515284556,-69.0283441645,-25.9920374577,-20.9199049366,-64.7534589512,61.7733411008,16.3695422622,20.4369597011,-11.2649768069,851510,4
229,-1074.8289210025,-608.1418434537,720.1373786287,42.7453865749,264.1269870678,-498.8349871922,31.7039268894,-477.167056877,267.2566435936,35.1321373349,46.0751669364,67.9315537915,-234.3537562846,-76.4706933283,-86.8743004083,45.8805653607,17.4190319781,-3.3645831406,-10.1318463975,3.7532257186,883033,4
230,5412.9403319534,-10486.0249105385,2487.8044299761,1713.9350766717,3308.2018232886,926.1295349026,804.6471068996,-20.7660867736,-338.5983542977,-63.7376418376,28.1253578598,267.8042718535,-44.86602096,-175.0090059645,280.7365573599,242.2207140392,16.0460171935,-43.5001070557,29.3170700638,3.8345271715,20601,2
231,-6554.7048168677,-4903.864131498,51.3416665652,1002.7656331775,-543.9627954787,479.6078536089,-50.1402025369,28.2098395966,5.4315893292,64.0467195244,80.9399965166,-1.5530144297,38.7864082513,-54.3029030169,77.8013842632,52.3788284924,8.9978941662,10.7826952257,18.6993479634,-6.1255434361,108261,3
232,9428.7838944571,229.0204399297,-891.9576008121,826.319438453,840.8783605094,-763.9802982406,407.4971364443,-324.8789184793,-55.465164462,-77.3695916213,352.0789022351,-44.119984306,-75.5095794551,146.8216053868,3.6931849596,-55.4508431026,-63.0355705577,-19.9189774813,-38.1245629983,11.5645352788,90144,3
233,-6430.1022687644,-8114.2004891725,3459.3257073932,2618.6320452311,2941.3114189739,-177.5277474321,80.7038240402,-557.9319974698,-278.7838565368,-186.8485516109,190.8079014687,-60.2791765122,35.7121984612,-6.7199761932,119.7926091194,45.3018945554,-15.6047870355,41.1770304027,80.1587356565,-3.6673279523,305456,4
234,7726.0928978468,-5930.2854324021,237.203194668,1002.9414084548,1752.7670896814,264.9760343142,461.6014755261,-196.729226498,-501.7820457014,-321.2177115562,23.2679643224,405.7402055701,-190.4605077905,-154.2278991787,130.6089273607,120.3415937796,-68.9378859497,-4.298441512,16.1992452638,0.8199749565,288721,3
235,5430.7600143824,1468.6057816739,2462.9868796188,-340.8553672999,1321.7358331539,442.058256492,605.0790969994,457.9212394784,293.568070713,138.6446909068,96.9109102039,-81.2077642843,-48.4832162249,-52.0063344773,-1.1970594532,-18.113367532,-14.0178750284,-14.3920672922,6.2219386087,-8.4863206696,368483,4
236,7684.8852085983,-3850.4077897122,4342.1054353195,1415.3265641472,2045.8607811005,-406.8740087206,408.0276629075,-1189.4024596393,-302.19149715,-358.4202168871,728.4434934193,-408.6841919977,-50.270427617,-90.5804059017,-56.0038688964,87.6693744388,-20.7314247148,-0.785685482,-2.7038875879,-2.3443817131,6467,1
237,5709.2598053354,-3391.1570003144,-1815.7173683102,-1060.5342401246,-1028.4106588367,-30.087166868,-163.7027724729,201.6567008249,356.4640767118,28.0376446134,-124.2719356854,-92.6296352667,-127.8679490504,4.4686366794,-10.4231548616,-0.6803854292,1.0979593635,32.69883427,17.4943105898,13.3564742371,492567,4
238,2897.5044462804,-710.4066019582,-2889.0836215527,-495.9310719668,-697.5292562512,-308.7477094661,-75.417882381,38.3556930353,246.9247160359,155.9598109831,-123.7527292294,-224.3685973861,93.9846669343,-131.6865897342,46.5663136721,2.0086588752,4.2328456204,20.6607495081,38.969486725,8.8853309546,874726,4
239,1059.4938493748,2430.9521648827,2571.765280705,-194.858828034,996.8912882045,-858.3620056741,-252.806429578,-553.4752791799,414.9361260999,92.2371936302,-129.8069643131,48.855851236,29.0917306188,-48.0141324389,-5.2726772159,27.2582783445,-11.8674429797,-4.2614133513,-0.9312547847,-2.627345376,383688,4
240,5098.6102025865,2184.9741448376,2983.4627862683,77.4071716241,-21.3113356384,-604.4855241454,-691.5816055664,-529.8961367503,185.8464127629,-36.5315875812,-157.1436250681,40.2885195857,8.5288373376,-66.8070435526,-21.3873471719,-17.0179568031,7.4489575903,-19.2404477151,10.633711296,-3.3650508369,5101834,5
241,3701.6472819308,-286.4200514531,-1717.904353086,-1015.3772804303,-960.1838457574,-256.3249845983,530.4301347212,-227.2586020396,44.8044752689,226.0796919228,-56.0028764096,-99.4383211134,-55.370148654,-9.1869133148,-127.2320523933,25.664223917,18.0589011413,-2.4346914114,21.8668081644,7.1638175998,15874,1
242,-10198.3350329215,2098.6967047295,-1388.9038710817,-519.5659457465,294.9955569664,-473.1479802741,692.6170614138,-132.0567602833,-34.8472938355,160.9763062181,-50.4839597102,-145.6285731846,-131.3243404745,5.3266258089,56.7249786737,-3.5248867669,1.7085517451,-5.3718349601,15.1378306655,1.3444475265,54658606,5
243,-11224.0035732562,4873.4435323049,-1063.5637621334,44.2870237016,200.102567363,351.683966044,-356.7494974808,104.2186742463,224.6057767719,-151.358173045,64.1375586041,90.8706577474,-37.2686400851,-40.6662795229,67.3337118745,-39.2610247467,-14.1217468273,-7.6431839909,8.8576281579,-8.1163936578,3327823,5
244,-13249.4092725268,5599.7544111094,-1082.312366287,622.1776370747,474.4575207044,968.0486209998,448.3488716189,64.2112917673,226.470275082,-353.7791121452,250.5530469069,-2.3397149039,17.380525239,8.5331311338,98.421778935,-81.2651037173,-4.565371192,59.1808317544,14.1169368517,-53.4335602833,543796,4
245,-11664.217166769,1565.9328751566,-569.5926131128,-808.2960444516,557.4244126958,164.108654879,354.9104198576,-11.6858795051,396.5882537728,270.2273104725,180.6728027381,-130.9085031592,-67.2767945588,-52.3055429455,12.9964927085,-18.8195027547,43.7829076351,-9.273501302,-11.5325123856,-9.5969803792,123660424,5
246,-11651.8671215877,-429.5300410732,-1593.2383352076,-1416.0281055718,-722.2649045965,-765.2655967278,48.2872847503,-29.9277448857,-474.3144760609,498.8731376519,66.6368841603,-56.2144729243,-27.2559037824,-103.9394630501,-53.3353636396,-24.8546092961,13.6825674965,-10.9359157858,63.6459754016,9.6637840918,464761,4
247,-4841.7720292522,1544.2889573955,1296.6405091048,-365.023959351,-877.6881226447,-439.6287803303,175.8665629552,135.5251401193,-120.1747495154,-23.7981043164,-79.4366648654,36.5039361493,91.5919740167,75.2803830058,-24.5567773937,21.0116495517,-23.8309869232,-19.338683028,-2.156609004,-14.6076297046,8486267,5
248,-11829.600861385,-2959.6544385965,212.3188096452,8.5743226666,1270.3099770073,127.862267742,558.351177914,-4.2897530867,228.0021463032,362.0120721764,0.906167875,110.1994342277,-33.2829457232,-2.1548483765,-51.5218499881,69.6861112756,-92.1016122583,-9.286358664,-28.6282411878,-7.4263446082,7452335,5
249,-2905.5428812884,-119.5128561454,758.3456405633,-206.5692933025,-929.4171318695,-529.6286109703,3.7611031217,59.4117201134,-72.429549026,-22.1012694722,5.1679634948,-250.014889218,85.1470061169,84.1335471548,-24.7622646358,51.7731222526,28.8778604771,-13.4398021273,0.0786697226,8.4233958446,909876,4
250,-4196.4147405298,3018.7004960647,-1506.7060461573,-587.7679367467,270.1503712304,-1413.6886885422,-630.3123575081,883.4334404939,-380.2368668733,-84.8253424824,-98.9226091174,-192.4435604048,49.6320718189,52.4064740761,8.8405901288,32.5515414988,2.9290283825,78.9731236367,18.3070883139,10.8881838014,298599,3
251,-8539.291771401,4113.2593913296,1468.6161334486,-271.8787309154,175.8584307975,526.0843850662,-263.0917774209,190.9287821239,87.7160964004,-162.8517238293,148.3522175188,-39.3472493784,8.9802466339,18.9993923253,51.1995852804,-47.9865009274,-0.5485101889,-32.9498530956,0.2864912905,-17.3195201361,3635531,5
252,-9340.1947279864,5977.5755859408,2504.4114954195,6394.8610633726,-2862.7012302104,1687.7275681976,1279.5330362304,390.5541656394,395.2079836885,1.4741149462,-86.8569392081,83.661448007,-7.1388170925,-6.6199010857,-24.5021143199,6.0931907855,-24.4897592481,28.6065847624,5.0750306329,72.8339071865,268410,3
253,-7150.7788057437,1597.0264606894,-1575.3502639848,-513.2275903205,-413.0701085419,-2489.9386787319,-343.306960364,-373.4950022826,-241.8991149256,209.7248606736,-137.4725783464,117.5373396383,165.2540531376,156.0280648378,40.466882824,113.2468738627,-2.6852948087,44.1091549043,-16.2417433374,19.7134803462,707789,4
254,2126.1293319739,3755.9574790473,-1419.7733020663,225.0774553864,-607.9921421746,-356.2774623328,-42.2284620833,261.9817360008,82.9868049527,-32.28623001,-129.0604914361,-211.6087631917,-58.3429061786,35.0180978894,27.9060120834,39.7011041546,3.1764025408,-3.4232926119,0.7298528406,-17.6730477307,546514,4
255,-3464.9142426753,3619.0028402839,-1083.3402086714,-607.7746907106,-51.4864662383,-511.8701519159,175.2633948565,487.7949254158,-38.8916412365,458.6342967316,40.0626769389,-13.849251288,103.5283195841,6.5151601182,-8.8776201184,27.9384642424,4.8593073179,-10.1655921446,22.3914645498,7.9601430961,1212807,4
256,-1036.4340716676,3748.4096957124,-590.6600836838,-179.2988551813,383.6602617317,-708.8230653989,293.5146201283,-200.2725601013,-21.0656458282,473.2963977348,17.0919027974,30.297020913,-108.2039974113,139.3013494008,-0.1190312954,20.8143452624,-3.1580932995,-8.1203440239,3.3201688253,5.2107350257,2779621,5
257,-6120.7130033332,-2582.6419396324,1374.7404638046,-774.2721992275,-119.3877414748,-319.6775469402,-593.0024702097,398.7563341337,403.2569440795,279.6497350262,-127.9973485061,-173.4770200167,-45.0309537597,10.5819955198,91.1990600811,97.474559953,-62.3729671404,35.2949154061,-20.0300912909,11.1800706048,38374,2
258,-12856.1295612352,-5485.4334683004,-99.6297023865,610.1462215677,-825.1430589788,-265.7895671681,238.495556323,1002.1872694766,464.8977279793,106.6755418817,211.6760711594,136.0252551435,-52.9870783149,93.5759732406,-18.3018139387,75.5015008268,52.8624055267,-4.0074022916,-13.6191057729,-7.0915065959,10034863,5
259,-12037.1658344213,-7184.3388538822,-623.5041289323,-1309.5160094555,-1119.4965814306,-1252.6758774281,625.8811510026,218.4487781067,263.7169860086,-330.8162896954,310.7153868051,190.6115318526,-4.591944812,33.7867793675,-43.7333357052,49.255007451,84.7850578484,-12.0099890734,-46.1222103992,22.9743966738,1651348,4
260,-9652.9860066938,-3267.445100362,-682.2966901628,1084.6031559502,-717.3124731623,-1316.5058501832,-679.1756712939,345.6245224938,-25.0478605607,-3.7239287353,158.0984357784,11.6979177258,27.3509084732,9.200564033,52.678807508,-8.8050475741,8.5185635229,29.268747209,23.1453219777,6.5966479138,654801,4
261,7429.0361799557,-1395.835130162,472.761971682,-9.2889104734,-214.4436412752,972.308169795,-129.7508424969,644.9785007029,-44.5680522566,230.2687249904,-25.0318167084,40.4554386462,-140.6432241605,34.4518195519,15.5666117923,62.9962380098,10.0677260001,2.5294127871,13.1304462782,-12.930461099,16525,1
262,5864.0997881988,-2773.0840709027,1553.7585578695,-64.6679024571,-507.183380898,77.0154018375,60.8324468372,387.4383688026,-326.1892237116,-152.114488567,-128.2188935526,-71.1031455111,49.5278914264,35.7589343966,-63.7531898176,-28.6991301462,3.5432224054,-11.0371618896,-3.4357770814,-1.6034595601,15052,1
263,7906.1263750686,-4034.5141223667,1696.5364399787,-1989.4695212131,-974.1405910435,530.7341778828,-6.7025369868,-26.1742147686,54.8573094622,-49.7640182283,-42.1542573759,98.2844080382,23.7011157232,99.2700618552,37.1087479733,-21.388966288,-4.6589211265,11.2419539026,-13.1599615652,13.6144347053,29951,2
264,9041.7474748396,-5219.8443844385,3106.6312736489,-1227.3687709225,-853.7298884161,721.9189044902,-301.3732107841,187.4157796028,-248.8523756002,166.0305992943,-19.2372499115,-58.8998498544,82.5822404829,-27.5399097267,51.3329942561,-24.7052054226,-12.1827240153,17.12764069,11.9601952035,7.3991516687,16766,1
265,3066.1349372755,-5324.1842747071,2645.0608505207,-2318.7261675445,-1261.5282908189,591.5186429265,323.7941505195,77.1380418493,-562.4201113118,244.459643213,-112.7097370149,-156.0827268688,-227.6549721099,109.3076277415,76.7309040931,37.8845350194,32.5012460966,-22.8445464199,10.7750130594,32.2990846443,11947,1
266,6011.271791868,-7253.5119136675,764.4478564192,-2178.1926752714,-912.6493022176,1776.2523988656,291.466182852,-210.2123595518,-373.5066747773,254.4216586372,-51.9545346114,137.4445171488,20.5194780896,-116.2222413511,16.9036535936,-88.8094269302,-18.5662429875,-10.5766601806,31.7616849888,7.231601082,19651,1
267,5797.1173351733,-3659.2890143179,-93.7230426578,-457.162417645,-506.2509672279,1734.1032107301,-188.4117206396,-39.4937099621,-395.5376182923,393.6643706862,177.0824451654,125.3728174314,-1.0975757599,-41.2148538982,-26.8724223421,24.4424141158,2.6722953482,-28.406854005,-23.6734403161,5.260626823,17886,1
268,5763.8209070748,-3351.597074919,2412.9187232278,-2025.8886866867,-86.6243508025,1534.862158156,-479.6980600247,-318.4995090966,-84.3599737303,-64.0805778252,-42.6791019751,9.2040751996,-14.7326701758,58.083973239,-112.1176934471,-1.799351324,48.6045896044,13.1876224236,-13.0942207773,26.264860569,9630,1
269,6749.5685180287,-2754.6969875677,-670.9926577601,-524.600491149,-309.3831322922,267.8088092915,92.6314452432,414.5662028363,-408.2582178494,-137.7006415494,24.7151650639,76.4757889011,44.1545485962,-17.1723836751,-110.2063578596,31.782159784,3.7962186312,11.1209774548,-6.4295545224,13.4588621465,28007,2
270,177.4516004221,5412.7104995283,-700.9022595692,-320.7030458427,1064.5128362977,146.0992854889,247.3298014819,145.0614617126,-311.5550825013,-90.8203214853,-213.0633488126,89.1863873317,21.8332112608,119.8148818007,-17.295022886,84.7698933195,-9.5915229146,-28.7813844245,25.8611984012,7.5635253221,253406,3
271,6905.3180720094,-1903.3425619892,289.4741731045,1208.8673720739,-1418.3381027663,-650.3552388787,-1093.0891233315,-457.0089960652,65.2897533814,66.817811241,214.6610124487,42.6593549262,111.3073274356,-106.3030132793,2.0419518528,-17.4015006642,37.2420454909,33.1649468251,-16.9865282913,5.7447174525,316509,4
272,1487.011773047,6820.5000542349,-2095.8867602678,-99.6554332408,35.3358681759,69.1903583139,604.4607576355,-372.6747686867,-779.3574603779,367.2927212395,89.7845468753,81.3802180572,162.0611728925,-238.8367433094,21.7592053693,93.2187260934,26.6493411311,90.6803844208,-20.3361148961,-6.5657762862,1246054,4
273,-9266.9816222131,7965.5973998056,-1654.8699847681,-941.5631772839,1457.2578499844,502.7369844198,-290.6210445448,768.1208703365,-786.2100086144,-501.1484598325,428.7624884712,-351.4708961693,-182.7594262333,-215.4739516952,55.4236953489,-33.6852105984,-60.490337309,5.2425636074,6.5092917646,22.4024068995,902909,4
274,-361.0778079914,3526.4323308595,-1124.3859544757,-307.8439189468,675.6421959425,-252.0219631837,119.014289751,597.5940587062,164.9632034044,233.4279137978,-69.451781848,-26.6218595046,48.5892255309,102.1106480102,-21.1741170294,1.7798605235,-0.0396092122,1.2235627238,25.3381691878,2.5226342923,1301870,4
275,-2488.6626180618,6341.3802836194,596.9964184108,936.1754661362,1004.8021357242,-317.9093325059,-420.1821183577,-211.8020958531,-201.7236054776,99.6840545409,201.6292704612,-175.381984518,-68.5828635259,-2.555033419,-24.646673263,-4.2757604242,-2.6172518892,-41.8352917518,16.9454181206,-5.3986131236,272925,3
276,5697.8958236791,-4696.0874360731,-3734.7609924896,476.3911870421,-554.0068555778,80.8825364581,-435.1774556959,573.6760747789,234.786085082,-146.6100746486,-49.0777372363,-169.1565989615,-104.2475478485,-150.3379881257,-58.9048161539,-19.3592267504,62.519383627,19.4601601668,-5.3075886054,8.0388997502,5172,1
277,6998.8108948857,-4915.986648406,-2323.145637553,-1216.879498813,-1493.7230529714,-220.2565889373,246.3368253055,794.515766619,171.1694236775,91.689371145,243.4841683871,67.6297480691,-110.511847953,3.6702034066,31.1880065134,-47.5413477424,20.2809754697,-11.2299511282,-14.7950286612,14.6477074947,125058,3
278,9006.7376464665,701.5243362331,-4160.3654738283,152.181214301,36.4510907569,-659.7991050412,-876.112916189,92.8081047558,442.7674282356,-19.9497589521,-67.3404607645,-137.8815532635,-67.4071378116,-99.210567285,33.6938455201,-26.8205576663,-42.9281492137,-22.4966790673,-0.8253032465,18.9135816637,1155147,4
279,-11056.3383340845,-5403.7910365613,-1040.9284775134,-853.231948794,-276.913298602,-918.8500809793,572.4545241234,1139.2738374199,727.8632941268,-147.663018562,274.1783297277,-136.8467985057,-9.8303870056,-89.7641540948,14.5661237564,23.4574358332,46.7065936716,18.2807129301,6.8159641734,4.2429993135,3474874,5
280,-10559.7324065712,-5674.4833381366,-427.3699547601,830.4370467825,-259.045915142,-1044.3560221045,335.6602570739,1944.5759055549,207.4001662787,-138.9399455854,250.319277005,72.4599428999,13.2538035662,-38.973078493,3.2019877497,-9.6801954772,11.6580215242,-7.0297899185,0.6492120658,-9.7307825614,87822,3
281,3390.7778784613,-6673.9509802017,-1964.1609041729,-244.1830051801,-448.5820297135,-1069.1148092392,-53.4542222161,453.2653190637,-133.8646416897,0.9729604717,386.5822091872,256.1968475985,-36.227609649,-54.4976611608,111.0122441873,-102.9161736334,-4.6705789173,-26.7987329148,0.5501252029,18.2639815619,105689,3
282,12212.0241794996,8743.488575369,-696.48539887,-670.6203154638,-371.2127160318,-350.576039086,707.8512548181,-179.6022914417,211.9337535426,-136.014781487,-25.7437986967,161.2526893968,26.7458865792,-86.3331156794,54.3929320754,-47.7124717606,1.5991604762,1.0348478202,3.8598979971,-10.4936961918,34003,2
283,6537.7515298762,11007.0037407681,7012.8597825678,-1161.7622267213,-1433.3272303419,-94.833244327,663.3369716795,305.0895826088,-171.0134327574,-246.6509762839,299.9299743837,153.92221854,-33.0777717143,-47.7387045344,21.2696473522,-49.5084532477,32.3173955634,-28.7265320782,-33.6085987832,-11.1850357652,56938,2
284,4149.7946356133,7985.2629532459,2437.0646629448,935.6712962894,-2094.8806663141,707.2858797603,514.6483740974,-4.0476503662,-417.333010894,14.1570761702,55.4621656018,-35.5053119477,-205.1277374991,90.3707478808,20.1227566337,3.0248623722,-3.5611010706,14.0444246488,4.4064720726,-45.8461329699,42064,2
285,2302.7515073059,6213.2818343027,607.4948601885,-521.3030611918,323.037052333,-308.3877902731,476.6443459514,-343.8694160625,238.6623596347,-56.5816064052,-126.1864846497,117.8208510748,7.8631889058,-24.291732557,-6.3015495584,-10.4475469159,23.3271634344,11.0399835711,12.1736044729,-15.9726775217,108153,3
286,-1929.3141584764,3370.4888385524,2925.1164409564,1490.1247240603,-1268.849355815,124.6874144989,-530.2963728357,-41.9864356944,-86.0497022551,-9.1087695629,-209.3156727568,22.5621776632,-10.3750172668,21.7215070159,96.7094202643,-41.1063358738,30.7763883669,-13.5985903653,4.6435051788,-14.9553056067,117434,3
287,-8063.7474831586,8351.5105931108,1462.306865522,-2009.8067108145,-84.6027366289,-20.2102926859,-750.4946111173,484.2865250452,-376.9862244817,-373.7540066564,417.9080043118,121.9638435247,76.372024341,-18.6797709616,107.8547348047,-45.2690506256,-2.8605145959,-1.7850965952,-18.0750916072,15.9803424849,40560,2
288,7508.5545920331,4704.2971180589,-2663.9501332347,-301.5124098828,26.6405148954,99.5080233635,215.9683895465,232.6822484115,151.1692090652,-203.1096627478,-83.8974493707,51.1335082103,10.448287175,-51.832684708,100.8301867889,-27.9722096622,16.4420381208,-1.105577035,-3.7161365058,1.3223432517,34591,2
289,-1491.3192161782,4379.5462858175,-3209.7380442954,253.0214713285,-241.1111308187,-78.7180574877,32.7536067269,-18.2024459226,-26.6852843711,-25.3017627531,-145.2149981646,75.5264384601,101.2913943838,-30.8726524767,67.7318509024,-29.7559571129,4.8111181087,30.5122939386,1.610024066,-14.0035622322,68810,3
290,10778.1132313599,1159.9062336912,-4895.5593665343,1384.7386868535,1765.3058293142,600.3830403767,-545.211972975,-558.857957751,555.854423327,-86.1428188611,-122.7732406174,-41.9010065753,8.4977332408,-11.629355852,-11.0157880824,-11.2018048576,-46.6684685139,-12.9156944332,-4.1728717312,5.2241087283,10627,1
291,8593.8643666259,5731.6218611347,-2946.5949042344,-644.1850381153,98.0572368532,959.1484811024,235.2495565792,-288.4460569581,156.8462373102,98.3446933794,124.3572024714,143.2538204904,-52.2799404287,41.1772058092,-19.577330369,-22.457431926,-0.2522982031,10.7262850693,-12.8232013727,-12.6853820261,61811,3
292,4861.0862043538,4181.5464757432,-299.1761070412,-692.5114048994,-320.05725933,-640.643543847,811.577917282,-95.0177057615,75.6767828866,44.4015894205,-176.9038185036,-29.5711649275,33.4812424086,-25.7305640343,45.9314638284,-4.5863349249,-4.487690202,-5.3515480825,41.8054491816,-11.691195689,84398,3
293,5095.116177197,5030.1430475337,548.5246085521,2274.3512819758,-1857.3992898244,627.8950858343,62.8240372836,188.0775699689,-462.3627145127,-132.1955913246,-131.0382732264,11.8629918619,90.9916587501,-29.4210699173,0.3621857866,55.1202623192,6.43055224,-49.765968013,22.1629395445,-15.3535713467,147646,3
294,6447.5275254232,10396.3369232723,6872.2874102257,-483.9040133852,-2473.0632399391,-47.2357636958,666.3092438167,326.261918414,-385.8674753741,-138.0593269355,208.455667869,-15.8855578466,-64.5090096895,-96.1141292896,40.0806853587,-14.7452402209,44.3106684091,-27.4260760881,1.6126679124,-21.701540262,53004,2
295,3450.4465065208,6560.5253564552,1112.0860461055,604.7686296575,-826.5858745725,169.7767944879,5.8092442375,483.0159802477,-188.7215475695,-140.6386876277,9.5077622794,-96.2673330516,89.7943783814,-29.4664011788,3.8102515109,7.6169896723,-1.9930864463,-19.4178806414,-22.7462738939,-22.3762074156,48906,2
296,7524.6626179799,10067.0247939495,2006.1717018865,-1427.2938664625,-54.2388054122,-20.5180019687,902.5890918536,-180.1934186732,-92.322596812,105.4515822673,87.6802931675,123.0171431017,-91.7066317029,-70.3652140887,81.3512399735,-13.7030715277,-5.1519879736,8.3341874171,14.5467882344,-4.4142409594,29667,2
